{"stats":{"minecraft:used":{"minecraft:diamond_pickaxe":19,"minecraft:iron_shovel":1,"minecraft:melon_slice":17,"minecraft:string":2,"minecraft:dirt":26,"minecraft:cobblestone":11,"tetra:modular_sword":9,"minecraft:pumpkin_pie":5,"scguns:saketini":3,"supplementaries:soap":1},"minecraft:picked_up":{"minecraft:feather":1,"minecraft:emerald_block":1,"minecraft:raw_gold_block":1,"miners_delight:silverfish_eggs":4,"scguns:medium_copper_casing":1,"minecraft:string":4,"minecraft:lapis_lazuli":27,"minecraft:dirt":1,"minecraft:bone":4,"minecraft:arrow":2,"minecraft:rotten_flesh":1,"minecraft:pumpkin_pie":1,"minecraft:cobblestone":11},"minecraft:custom":{"minecraft:time_since_rest":9452,"enigmaticlegacy:play_time_with_seven_curses":0,"minecraft:damage_taken":1026,"minecraft:sprint_one_cm":25766,"minecraft:walk_one_cm":54545,"minecraft:trigger_trapped_chest":2,"minecraft:mob_kills":11,"minecraft:drop":6,"minecraft:damage_dealt":1134,"enigmaticlegacy:play_time_without_seven_curses":256431,"minecraft:swim_one_cm":6991,"minecraft:talked_to_villager":1,"minecraft:fly_one_cm":53947,"minecraft:open_chest":7,"minecraft:crouch_one_cm":5666,"minecraft:play_time":17572,"minecraft:deaths":1,"minecraft:sneak_time":1060,"minecraft:walk_under_water_one_cm":502,"minecraft:jump":97,"minecraft:time_since_death":9377,"minecraft:walk_on_water_one_cm":925,"minecraft:sleep_in_bed":1,"minecraft:total_world_time":17572,"minecraft:climb_one_cm":189,"minecraft:damage_resisted":6,"minecraft:fall_one_cm":17895,"minecraft:inspect_dispenser":1},"minecraft:killed":{"minecraft:skeleton":1,"minecraft:cave_spider":1,"minecraft:zombie":4,"alexsmobs:toucan":1,"minecraft:silverfish":2,"minecraft:spider":1},"minecraft:mined":{"minecraft:raw_gold_block":1,"minecraft:cave_vines_plant":1,"minecraft:infested_cobblestone":2,"biomesoplenty:stringy_cobweb":1,"biomesoplenty:spider_egg":1,"minecraft:lapis_ore":4,"minecraft:stone":11,"minecraft:tripwire":5,"minecraft:emerald_block":1},"minecraft:dropped":{"supplementaries:soap":7,"supplementaries:ash":12,"minecraft:dirt":1,"alexsmobs:ancient_dart":2,"supplementaries:bamboo_spikes_tipped":1}},"DataVersion":3465}