{"stats":{"minecraft:crafted":{"minecraft:oak_planks":4,"blue_skies:blue_journal":1,"minecraft:diamond_axe":1,"minecraft:crafting_table":3,"minecraft:spruce_planks":80,"minecraft:baked_potato":27,"minecraft:stick":8,"sophisticatedbackpacks:diamond_backpack":1,"minecraft:iron_ingot":25,"minecraft:gold_ingot":2,"minecraft:raw_iron":27,"minecraft:redstone":9,"minecraft:coal":9,"minecraft:diamond_boots":1,"quark:spruce_chest":4,"sophisticatedbackpacks:gold_backpack":1,"minecraft:air":0,"createmetallurgy:coke":1},"minecraft:broken":{"thinair:respirator":1},"minecraft:killed_by":{"alexscaves:gum_worm":1},"minecraft:used":{"scguns:locust":12,"minecraft:iron_shovel":13,"minecraft:dispenser":1,"scguns:gattaler":11,"minecraft:chest":6,"scguns:pyroclastic_flow":1,"scguns:earths_corpse":11,"minecraft:cracked_deepslate_tiles":1,"scguns:dozier_rl":2,"minecraft:lantern":3,"supplementaries:ash":7,"create:cut_tuff":1,"scguns:saketini":8,"quark:dark_oak_ladder":1,"minecraft:damaged_anvil":1,"alexscaves:purple_soda_bottle":2,"minecraft:diamond_axe":7,"alexscaves:hot_chocolate_bottle":2,"scguns:grenade":1,"minecraft:lever":1,"minecraft:dark_oak_log":1,"minecraft:light_gray_concrete":2,"scguns:marlin":230,"minecraft:melon_slice":17,"minecraft:bread":60,"minecraft:string":2,"alexscaves:chocolate_ice_cream_scoop":1,"scguns:blasphemy":5,"scguns:stun_grenade":1,"scguns:thunderhead":4,"minecraft:waxed_cut_copper_stairs":2,"minecraft:smooth_stone_slab":1,"supplementaries:soap":1,"minecraft:experience_bottle":2,"scguns:rat_king_and_queen":5,"minecraft:iron_bars":2,"minecraft:spruce_planks":1,"scguns:whispers":5,"minecraft:dirt":26,"tetra:modular_sword":126,"scguns:dark_matter":14,"minecraft:shroomlight":2,"quark:spruce_chest":5,"scguns:newborn_cyst":2,"minecraft:iron_axe":46,"minecraft:cooked_mutton":3,"minecraft:lodestone":1,"minecraft:baked_potato":27,"scguns:astella":5,"minecraft:crafting_table":3,"scguns:sculk_resonator":3,"minecraft:spruce_log":1,"scguns:echoes_2":3,"minecraft:diamond_pickaxe":711,"minecraft:apple":11,"create:andesite_ladder":4,"minecraft:cobblestone":11,"alexscaves:cake_layer":12,"minecraft:cooked_porkchop":7,"minecraft:bucket":1,"minecraft:pumpkin_pie":9,"minecraft:wither_rose":1,"scguns:laser_musket":1},"minecraft:killed":{"illagerinvasion:archivist":2,"scguns:swarm":1,"minecraft:cave_spider":4,"alexscaves:boundroid":1,"minecraft:witch":2,"minecraft:spider":4,"illagerinvasion:basher":4,"minecraft:skeleton":17,"illagerinvasion:provoker":1,"minecraft:silverfish":2,"alexscaves:teletor":2,"alexscaves:notor":1,"minecraft:pig":8,"minecraft:zombie_villager":1,"illagerinvasion:alchemist":1,"minecraft:creeper":4,"minecraft:sheep":3,"minecraft:pillager":34,"alexscaves:caniac":4,"alexscaves:licowitch":1,"minecraft:zombie":28,"alexsmobs:toucan":1,"enemyexpansion:botfly":5,"takesapillage:archer":2,"raided:inquisitor":3,"enemyexpansion:wasp":2,"alexscaves:gumbeeper":3,"raided:electromancer":3,"minecraft:vindicator":6,"illagerinvasion:marauder":3,"enemyexpansion:direwolf":6,"scguns:redcoat":1,"takesapillage:clay_golem":1,"blue_skies:gatekeeper":2,"takesapillage:skirmisher":1,"enemyexpansion:sprinter":1,"minecraft:wandering_trader":1,"minecraft:ravager":1,"raided:necromancer":1,"alexscaves:magnetron":2,"enemyexpansion:huntsman":1,"minecraft:villager":5,"minecraft:enderman":1},"minecraft:custom":{"enigmaticlegacy:play_time_with_seven_curses":0,"minecraft:interact_with_crafting_table":7,"minecraft:open_barrel":21,"minecraft:leave_game":1,"minecraft:time_since_death":44231,"minecraft:damage_resisted":16,"minecraft:sprint_one_cm":254608,"minecraft:drop":271,"minecraft:talked_to_villager":5,"minecraft:play_time":178816,"minecraft:deaths":3,"minecraft:jump":2057,"minecraft:walk_on_water_one_cm":23330,"minecraft:interact_with_furnace":14,"minecraft:traded_with_villager":1,"minecraft:sleep_in_bed":5,"minecraft:damage_dealt":20782,"minecraft:crouch_one_cm":37662,"minecraft:interact_with_smoker":6,"minecraft:inspect_dispenser":1,"minecraft:mob_kills":178,"minecraft:climb_one_cm":1995,"minecraft:walk_one_cm":530219,"minecraft:sneak_time":6716,"minecraft:walk_under_water_one_cm":13351,"minecraft:total_world_time":178816,"enigmaticlegacy:play_time_without_seven_curses":417500,"minecraft:raid_trigger":1,"minecraft:pot_flower":1,"minecraft:interact_with_stonecutter":1,"minecraft:time_since_rest":8547,"minecraft:damage_taken":4792,"minecraft:trigger_trapped_chest":3,"minecraft:swim_one_cm":34153,"minecraft:fly_one_cm":1187560,"minecraft:open_chest":75,"minecraft:fall_one_cm":432759},"minecraft:dropped":{"create:copper_valve_handle":4,"create:belt_connector":9,"minecraft:spruce_sign":10,"create:spout":2,"scguns:blaze_fuel":15,"create:metal_girder":11,"create:vertical_gearbox":1,"scguns:blasphemy":1,"create:millstone":2,"minecraft:lapis_lazuli":28,"minecraft:warped_fungus":6,"scguns:pyroclastic_flow":1,"create:mechanical_piston":8,"minecraft:baked_potato":1,"minecraft:diamond":14,"minecraft:loom":2,"minecraft:ender_pearl":1,"minecraft:cooked_porkchop":7,"create:flywheel":5,"scguns:copper_gun_frame":1,"minecraft:crossbow":1,"minecraft:glow_berries":1,"scguns:anthralite_leggings":1,"create:cogwheel":29,"minecraft:leather":26,"improvableskills:parchment_fragment":12,"create:fluid_tank":5,"create:track":3,"create:steam_whistle":10,"minecraft:saddle":1,"scguns:dozier_rl":1,"scguns:medium_copper_casing":6,"enigmaticlegacy:common_potion":2,"minecraft:rail":4,"minecraft:raw_gold_block":1,"minecraft:leather_helmet":1,"minecraft:emerald":7,"alexscaves:peppermint_powder":3,"alexscaves:galena":24,"minecraft:dirt":1,"minecraft:packed_mud":3,"create:mechanical_arm":2,"supplementaries:rope":4,"alexscaves:heart_of_iron":2,"create:fluid_pipe":57,"minecraft:dispenser":6,"minecraft:pumpkin_pie":19,"minecraft:gold_nugget":2,"rustic_engineer:book_spidermech":1,"create:large_cogwheel":19,"create:portable_storage_interface":1,"alexscaves:azure_neodymium_pillar":18,"minecraft:white_wool":17,"minecraft:cauldron":1,"scguns:large_casing_mold":3,"minecraft:gold_ingot":45,"minecraft:bone":49,"minecraft:emerald_block":11,"minecraft:sugar_cane":2,"minecraft:waxed_cut_copper_stairs":2,"minecraft:compass":2,"quark:slime_in_a_bucket":1,"minecraft:lever":1,"create:andesite_bars":1,"minecraft:iron_nugget":5,"create:windmill_bearing":1,"alexscaves:cave_tablet":12,"miners_delight:silverfish_eggs":4,"minecraft:wheat":1,"minecraft:obsidian":40,"endrem:rogue_eye":1,"create:smart_chute":3,"minecraft:rotten_flesh":35,"supplementaries:faucet":1,"minecraft:oak_planks":6,"enigmaticlegacy:tattered_tome":1,"create:mechanical_bearing":3,"create:white_sail":4,"minecraft:carrot":3,"create:wooden_bracket":1,"supplementaries:soap":7,"alexscaves:raw_scarlet_neodymium":24,"minecraft:rabbit_hide":7,"scguns:standard_copper_round":751,"supplementaries:ash":16,"create:gearbox":2,"minecraft:charcoal":17,"minecraft:tipped_arrow":10,"minecraft:gunpowder":43,"scguns:gun_grip":2,"minecraft:beetroot_seeds":4,"minecraft:leather_boots":1,"create:copycat_panel":1,"farmersdelight:rope":3,"create:depot":2,"scguns:rapid_firing_unit":2,"yungscavebiomes:icicle":2,"quark:smithing_template_rune":4,"minecraft:iron_bars":2,"create:andesite_pillar":1,"minecraft:arrow":21,"create:water_wheel":2,"create:andesite_alloy":4,"create:mechanical_press":1,"create:basin":1,"create:fluid_valve":3,"minecraft:stone_brick_stairs":1,"create:mechanical_mixer":1,"minecraft:iron_ingot":67,"minecraft:dead_tube_coral_block":1,"farmersdelight:tomato_seeds":3,"minecraft:water_bucket":1,"create:polished_cut_dripstone":1,"minecraft:bread":21,"scguns:thunderhead":1,"enigmaticaddons:earth_heart_fragment":2,"minecraft:wheat_seeds":2,"minecraft:clock":1,"minecraft:tnt":2,"create:mechanical_saw":1,"minecraft:minecart":1,"scguns:powder_and_ball":6,"minecraft:feather":4,"minecraft:cobblestone":5,"minecraft:book":4,"alexscaves:spelunkery_table":1,"create:chute":26,"minecraft:apple":11,"scguns:diamond_steel_blueprint":2,"create:placard":1,"blue_skies:ventium_ingot":1,"minecraft:golden_apple":1,"minecraft:grass_block":2,"minecraft:coal":98,"minecraft:stick":1,"create:andesite_casing":36,"create:rope_pulley":1,"alexscaves:scarlet_neodymium_pillar":17,"minecraft:diamond_horse_armor":1,"minecraft:iron_block":11,"illagerinvasion:platinum_chunk":7,"create:andesite_ladder":12,"endrem:corrupted_eye":1,"minecraft:melon_slice":10,"scguns:grapeshot":6,"minecraft:map":1,"scguns:long_scope":1,"enemyexpansion:wasp_thorax":1,"protection_pixel:ironarmorplate":1,"minecraft:brown_terracotta":1,"delightful:acorn":2,"minecraft:wither_rose":1,"minecraft:white_banner":2,"create:metal_bracket":2,"minecraft:chipped_anvil":1,"minecraft:paper":33,"scguns:small_iron_casing":16,"minecraft:string":7,"cold_sweat:thermometer":1,"minecraft:bucket":2,"create:clutch":1,"create:smart_fluid_pipe":1,"minecraft:redstone":12,"minecraft:stone_brick_slab":2,"minecraft:furnace":4,"minecraft:anvil":1,"create:schematic_table":2,"create:shaft":104,"minecraft:stone_sword":1,"minecraft:wild_armor_trim_smithing_template":2,"minecraft:raw_iron":37,"supplementaries:jar":1,"minecraft:light_gray_wool":4,"minecraft:damaged_anvil":1,"minecraft:smoker":1,"alexsmobs:ancient_dart":2,"minecraft:name_tag":2,"sophisticatedbackpacks:backpack":2,"enigmaticlegacy:iron_ring":3,"blue_skies:moonstone_shard":1,"supplementaries:bamboo_spikes_tipped":1,"supplementaries:cage":6,"scguns:medium_scope":1,"create:cut_dripstone":2,"alexscaves:sharpened_candy_cane":1,"minecraft:potato":14,"create:item_vault":52,"scguns:gattaler":1,"scguns:medium_brass_casing":56,"create:radial_chassis":2,"minecraft:spruce_trapdoor":2,"minecraft:spruce_planks":11,"minecraft:andesite":9,"create:hand_crank":8,"minecraft:barrel":1,"minecraft:bamboo":6,"enigmaticaddons:antique_bag":1,"minecraft:bow":1,"scguns:small_brass_casing":11,"create:andesite_funnel":2,"create:empty_blaze_burner":1,"minecraft:black_wool":3},"minecraft:picked_up":{"minecraft:wheat":1,"illagerinvasion:platinum_chunk":11,"create:metal_bracket":2,"minecraft:anvil":2,"endrem:corrupted_eye":1,"create:spout":4,"minecraft:oak_stairs":2,"alexscaves:cave_tablet":12,"enemyexpansion:wasp_thorax":1,"minecraft:wither_rose":2,"rustic_engineer:book_spidermech":1,"create:wooden_bracket":2,"supplementaries:jar":1,"minecraft:string":13,"minecraft:dead_tube_coral_block":1,"alexsmobs:ancient_dart":1,"minecraft:smooth_stone_slab":1,"alexscaves:scrap_metal_plate":1,"minecraft:shroomlight":2,"create:andesite_funnel":4,"create:water_wheel":4,"create:mechanical_press":2,"minecraft:smooth_stone":1,"minecraft:bucket":3,"delightful:acorn":2,"minecraft:spruce_planks":11,"minecraft:written_book":1,"tetra:modular_sword":2,"minecraft:melon_slice":10,"minecraft:coal_block":1,"minecraft:furnace":4,"yungscavebiomes:icicle":4,"minecraft:tipped_arrow":20,"minecraft:stick":1,"create:mechanical_mixer":1,"improvableskills:parchment_fragment":9,"minecraft:brown_terracotta":1,"miners_delight:silverfish_eggs":4,"minecraft:oak_fence":1,"alexscaves:raw_azure_neodymium":24,"create:andesite_casing":55,"enigmaticaddons:earth_heart_fragment":2,"minecraft:cauldron":1,"minecraft:waxed_cut_copper_stairs":2,"create:large_cogwheel":20,"minecraft:stone_sword":1,"minecraft:rotten_flesh":27,"create:track":6,"minecraft:iron_block":11,"farmersdelight:rope":3,"endrem:rogue_eye":1,"create:mechanical_arm":4,"supplementaries:ash":24,"minecraft:obsidian":40,"minecraft:deepslate_brick_stairs":1,"minecraft:iron_bars":4,"minecraft:cobblestone":18,"create:rope_pulley":1,"minecraft:feather":1,"create:fluid_tank":7,"minecraft:water_bucket":1,"minecraft:andesite":1,"minecraft:smoker":2,"minecraft:potato":23,"create:belt_connector":10,"scguns:medium_copper_casing":2,"minecraft:lapis_lazuli":55,"minecraft:dirt":1,"minecraft:lantern":3,"enigmaticlegacy:common_potion":2,"alexscaves:galena":48,"minecraft:name_tag":4,"minecraft:leather_boots":1,"minecraft:bone":48,"minecraft:bow":1,"minecraft:wheat_seeds":2,"scguns:grapeshot":6,"create:flywheel":5,"create:shaft":115,"minecraft:bamboo":6,"create:fluid_valve":6,"minecraft:oak_planks":3,"create:empty_blaze_burner":1,"create:placard":1,"create:radial_chassis":2,"create:copycat_panel":1,"minecraft:cooked_porkchop":20,"create:cogwheel":31,"enigmaticlegacy:iron_ring":1,"minecraft:dropper":60,"quark:dark_oak_ladder":1,"create:smart_fluid_pipe":2,"create:steam_whistle":19,"minecraft:dark_oak_log":1,"minecraft:loom":2,"minecraft:grass_block":2,"minecraft:oxidized_cut_copper_slab":1,"minecraft:jungle_slab":1,"minecraft:barrel":1,"minecraft:light_gray_concrete":2,"minecraft:dispenser":12,"minecraft:diamond":14,"minecraft:yellow_carpet":1,"minecraft:lever":2,"alexscaves:sharpened_candy_cane":1,"minecraft:crossbow":3,"minecraft:golden_apple":1,"minecraft:bread":11,"alexscaves:heart_of_iron":4,"minecraft:spruce_sign":10,"minecraft:emerald":20,"create:white_sail":4,"minecraft:oak_sapling":7,"create:copper_valve_handle":8,"minecraft:diamond_pickaxe":2,"alexscaves:raw_scarlet_neodymium":64,"minecraft:charcoal":19,"alexscaves:cake_layer":12,"create:mechanical_piston":16,"alexscaves:chocolate_ice_cream_scoop":1,"minecraft:diamond_horse_armor":1,"create:schematic_table":3,"alexscaves:peppermint_powder":3,"alexscaves:gumball_pile":2,"create:fluid_pipe":68,"minecraft:iron_axe":2,"cold_sweat:thermometer":1,"minecraft:iron_shovel":1,"minecraft:compass":1,"create:chute":30,"enigmaticaddons:antique_bag":1,"quark:spruce_chest":1,"improvableskills:scroll_normal":1,"create:basin":1,"supplementaries:cage":6,"minecraft:iron_nugget":24,"minecraft:light_gray_wool":4,"minecraft:minecart":1,"minecraft:sugar_cane":2,"supplementaries:rope":4,"minecraft:chest":3,"create:clutch":1,"minecraft:spruce_trapdoor":2,"minecraft:raw_iron":68,"minecraft:raw_gold_block":2,"sophisticatedbackpacks:backpack":2,"create:windmill_bearing":1,"farmersdelight:tomato_seeds":3,"quark:slime_in_a_bucket":1,"create:hand_crank":9,"minecraft:carrot":3,"minecraft:redstone":12,"create:cut_tuff":1,"create:vertical_gearbox":2,"minecraft:tnt":4,"create:small_tuff_brick_stairs":1,"minecraft:arrow":15,"minecraft:beetroot_seeds":4,"minecraft:pumpkin_pie":20,"alexscaves:spelunkery_table":1,"create:depot":4,"minecraft:saddle":1,"minecraft:gold_ingot":45,"supplementaries:faucet":1,"blue_skies:moonstone_shard":1,"minecraft:glow_berries":1,"minecraft:white_wool":17,"minecraft:skeleton_skull":1,"minecraft:rail":4,"minecraft:cracked_deepslate_tiles":2,"scguns:marlin":2,"minecraft:air":0,"minecraft:glow_ink_sac":1,"minecraft:leather":23,"quark:smithing_template_rune":3,"minecraft:packed_mud":3,"create:cut_dripstone":2,"minecraft:oak_log":1,"create:andesite_alloy":4,"minecraft:gunpowder":35,"minecraft:paper":34,"create:item_vault":88,"minecraft:white_banner":3,"minecraft:cooked_mutton":3,"minecraft:apple":11,"scguns:powder_and_ball":6,"minecraft:wild_armor_trim_smithing_template":2,"scguns:medium_brass_casing":68,"minecraft:iron_ingot":3,"minecraft:spruce_wood":2,"minecraft:rabbit_hide":14,"create:metal_girder":12,"alexscaves:candy_cane":3,"protection_pixel:ironarmorplate":1,"create:mechanical_bearing":3,"create:mechanical_saw":1,"minecraft:book":33,"minecraft:warped_fungus":6,"create:large_water_wheel":3,"minecraft:emerald_block":12,"minecraft:stone_brick_slab":2,"minecraft:raw_iron_block":3,"minecraft:spruce_log":21,"minecraft:spider_eye":1,"create:gearbox":3,"minecraft:leather_helmet":1,"create:millstone":3,"blue_skies:ventium_ingot":1,"create:smart_chute":6,"create:mechanical_pump":6,"minecraft:cherry_sapling":1,"alexscaves:azure_neodymium_pillar":44,"alexscaves:scarlet_neodymium_pillar":48,"create:portable_storage_interface":2,"minecraft:baked_potato":1,"minecraft:lodestone":1,"minecraft:stripped_dark_oak_log":1,"minecraft:damaged_anvil":2,"create:polished_cut_dripstone":1,"minecraft:black_wool":3,"minecraft:coal":107,"create:andesite_ladder":16,"minecraft:ender_pearl":2},"minecraft:mined":{"minecraft:jungle_slab":1,"create:andesite_casing":36,"alexscaves:azure_neodymium_pillar":23,"minecraft:obsidian":19,"minecraft:spruce_trapdoor":1,"minecraft:cave_vines_plant":1,"minecraft:dead_tube_coral_block":1,"minecraft:infested_cobblestone":2,"alexscaves:chiseled_candy_cane_block":3,"create:andesite_ladder":1,"minecraft:coal_block":1,"create:item_vault":52,"create:belt":9,"minecraft:spawner":10,"minecraft:smooth_stone":1,"minecraft:raw_iron_block":3,"create:small_tuff_brick_stairs":1,"minecraft:iron_ore":15,"minecraft:barrel":1,"create:encased_fluid_pipe":2,"minecraft:anvil":1,"create:oak_window_pane":3,"alexscaves:scarlet_neodymium_node":5,"minecraft:oak_stairs":2,"minecraft:iron_bars":2,"minecraft:light_gray_concrete":2,"supplementaries:jar":1,"minecraft:deepslate_brick_stairs":1,"minecraft:spruce_wood":2,"create:mechanical_press":1,"minecraft:tripwire":5,"minecraft:waxed_cut_copper_stairs":2,"create:lit_blaze_burner":1,"create:cogwheel":29,"create:radial_chassis":2,"quark:dark_oak_ladder":1,"minecraft:smoker":1,"create:steam_whistle_extension":1,"create:fluid_valve":3,"create:mechanical_piston":8,"alexscaves:energized_galena_neutral":1,"minecraft:chest":3,"alexscaves:energized_galena_scarlet":2,"minecraft:mushroom_stem":2,"minecraft:cobblestone":2,"create:copper_valve_handle":1,"minecraft:damaged_anvil":1,"minecraft:cauldron":1,"create:large_water_wheel":1,"alexscaves:cake_layer":12,"create:basin":1,"minecraft:chain":1,"create:andesite_belt_funnel":1,"create:portable_storage_interface":1,"create:flywheel":5,"create:rope_pulley":1,"create:copycat_panel":1,"create:mechanical_mixer":1,"create:steam_whistle":4,"minecraft:smooth_stone_slab":1,"minecraft:light_gray_wool":1,"minecraft:tnt":1,"minecraft:stone_brick_stairs":1,"minecraft:wither_rose":1,"create:spout":2,"minecraft:grass":8,"minecraft:cracked_deepslate_tiles":1,"minecraft:oak_log":1,"create:hand_crank":2,"minecraft:loom":2,"minecraft:dirt":1,"create:andesite_pillar":1,"minecraft:dispenser":7,"minecraft:netherrack":1,"create:clutch":1,"minecraft:oak_leaves":13,"minecraft:emerald_block":4,"create:cut_tuff":1,"create:millstone":1,"minecraft:dark_oak_log":1,"create:fluid_tank":5,"minecraft:gray_stained_glass_pane":1,"create:large_cogwheel":19,"create:depot":2,"minecraft:redstone_wire":2,"create:mechanical_arm":2,"supplementaries:faucet":1,"alexscaves:galena":2,"create:polished_cut_dripstone":1,"create:shaft":88,"minecraft:packed_mud":5,"minecraft:raw_gold_block":1,"alexscaves:energized_galena_azure":5,"create:white_sail":4,"minecraft:andesite":1,"alexscaves:heart_of_iron":2,"create_easy_structures:destroyedtrack_3":2,"minecraft:bookshelf":9,"minecraft:shroomlight":2,"create:chute":26,"minecraft:oxidized_cut_copper_slab":1,"create:polished_cut_andesite":1,"biomesoplenty:spider_egg":1,"minecraft:stone":19,"alexscaves:azure_neodymium_node":1,"minecraft:stripped_dark_oak_log":1,"minecraft:stone_brick_slab":2,"create:track":3,"minecraft:oak_fence":1,"create:metal_girder":16,"create:fluid_pipe":50,"create:mechanical_pump":6,"minecraft:dropper":60,"create:water_wheel":2,"minecraft:campfire":2,"minecraft:lapis_ore":4,"supplementaries:cage":6,"create:mechanical_saw":1,"create:water_wheel_structure":4,"create:schematic_table":2,"alexscaves:galena_iron_ore":17,"create:gearbox":3,"minecraft:sweet_berry_bush":1,"minecraft:spruce_log":21,"create_easy_structures:destroyedtrack_2":1,"create:cut_dripstone":2,"create_easy_structures:destroyedtrack_1":2,"minecraft:coal_ore":9,"create:mechanical_bearing":3,"create:smart_fluid_pipe":1,"create:smart_chute":4,"quark:spruce_chest":1,"minecraft:lodestone":1,"biomesoplenty:stringy_cobweb":1,"minecraft:cobweb":3,"minecraft:brown_terracotta":1,"minecraft:cracked_stone_bricks":1,"create:andesite_funnel":1,"create:andesite_encased_shaft":3,"alexscaves:scarlet_neodymium_pillar":23,"minecraft:fern":1,"alexscaves:scrap_metal_plate":1}},"DataVersion":3465}