{"stats":{"minecraft:crafted":{"patchouli:guide_book":1,"sophisticatedbackpacks:copper_backpack":1,"blue_skies:blue_journal":1,"minecraft:diamond_axe":1,"minecraft:iron_pickaxe":1,"minecraft:gold_ingot":2,"minecraft:stone_pickaxe":1,"minecraft:diamond_boots":1,"quark:spruce_chest":4,"sophisticatedbackpacks:gold_backpack":1,"minecraft:iron_shovel":1,"createmetallurgy:coke":1,"minecraft:oak_planks":4,"shieldexp:iron_shield":1,"improvableskills:skills_book":1,"alexscaves:cave_book":1,"enigmaticlegacy:lore_fragment":1,"minecraft:crafting_table":4,"minecraft:spruce_planks":80,"minecraft:baked_potato":27,"sophisticatedbackpacks:diamond_backpack":1,"minecraft:stick":12,"minecraft:iron_ingot":124,"minecraft:redstone":9,"minecraft:raw_iron":27,"minecraft:coal":9,"minecraft:flint_and_steel":1,"shieldexp:diamond_shield":1,"minecraft:air":0,"minecraft:blue_dye":4,"minecraft:gold_nugget":9},"minecraft:broken":{"thinair:respirator":1},"minecraft:killed_by":{"alexscaves:gum_worm":1},"minecraft:used":{"scguns:locust":12,"minecraft:dispenser":1,"sophisticatedbackpacks:copper_backpack":1,"minecraft:chest":6,"minecraft:cracked_deepslate_tiles":1,"supplementaries:ash":7,"minecraft:furnace":1,"create:cut_tuff":1,"scguns:saketini":8,"minecraft:damaged_anvil":1,"alexscaves:hot_chocolate_bottle":2,"tetra:modular_double":1,"scguns:grenade":1,"alexscaves:chocolate_ice_cream_scoop":1,"scguns:stun_grenade":1,"minecraft:waxed_cut_copper_stairs":2,"supplementaries:soap":1,"scguns:rat_king_and_queen":5,"minecraft:iron_bars":2,"tetra:modular_sword":126,"minecraft:shroomlight":2,"minecraft:iron_axe":46,"minecraft:crafting_table":4,"scguns:astella":5,"minecraft:spruce_log":1,"minecraft:diamond_pickaxe":762,"create:andesite_ladder":4,"minecraft:spruce_trapdoor":2,"minecraft:cobblestone":11,"sophisticatedstorage:iron_chest":1,"minecraft:cooked_porkchop":7,"tetra:rack":1,"scguns:laser_musket":1,"minecraft:iron_shovel":18,"scguns:gattaler":11,"scguns:pyroclastic_flow":1,"scguns:earths_corpse":11,"scguns:dozier_rl":2,"minecraft:obsidian":10,"minecraft:lantern":3,"quark:dark_oak_ladder":1,"alexscaves:purple_soda_bottle":2,"minecraft:diamond_axe":7,"alexscaves:cave_book":2,"minecraft:lever":1,"minecraft:dark_oak_log":1,"scguns:marlin":235,"minecraft:light_gray_concrete":2,"minecraft:string":2,"minecraft:bread":66,"minecraft:melon_slice":17,"minecraft:gravel":3,"scguns:blasphemy":5,"scguns:thunderhead":4,"minecraft:smooth_stone_slab":1,"minecraft:experience_bottle":2,"minecraft:oak_fence":1,"minecraft:flint_and_steel":1,"minecraft:spruce_planks":1,"scguns:whispers":5,"minecraft:dirt":27,"scguns:dark_matter":14,"quark:spruce_chest":5,"scguns:newborn_cyst":2,"minecraft:cooked_mutton":3,"minecraft:lodestone":1,"minecraft:baked_potato":27,"scguns:sculk_resonator":3,"minecraft:smoker":1,"scguns:echoes_2":3,"minecraft:apple":11,"alexscaves:cake_layer":12,"minecraft:bucket":1,"minecraft:pumpkin_pie":9,"minecraft:wither_rose":1},"minecraft:killed":{"illagerinvasion:archivist":2,"scguns:swarm":1,"minecraft:cave_spider":4,"alexscaves:boundroid":1,"illagerinvasion:basher":4,"minecraft:skeleton":17,"alexscaves:teletor":2,"minecraft:pillager":34,"minecraft:zombie":28,"enemyexpansion:botfly":5,"takesapillage:archer":2,"minecraft:vindicator":6,"illagerinvasion:marauder":3,"scguns:redcoat":2,"minecraft:wandering_trader":1,"enemyexpansion:sprinter":1,"minecraft:ravager":1,"raided:necromancer":1,"minecraft:enderman":1,"minecraft:witch":2,"minecraft:spider":4,"illagerinvasion:provoker":1,"minecraft:silverfish":2,"alexscaves:notor":1,"minecraft:pig":8,"minecraft:zombie_villager":1,"illagerinvasion:alchemist":1,"minecraft:creeper":4,"minecraft:sheep":3,"alexscaves:caniac":4,"alexscaves:licowitch":1,"alexsmobs:toucan":1,"raided:inquisitor":3,"enemyexpansion:wasp":2,"alexscaves:gumbeeper":3,"raided:electromancer":3,"enemyexpansion:direwolf":6,"takesapillage:clay_golem":1,"blue_skies:gatekeeper":2,"takesapillage:skirmisher":1,"alexscaves:magnetron":2,"enemyexpansion:huntsman":1,"minecraft:villager":5},"minecraft:custom":{"minecraft:interact_with_crafting_table":25,"minecraft:open_barrel":21,"minecraft:leave_game":1,"minecraft:time_since_death":68231,"minecraft:play_time":202816,"minecraft:deaths":3,"minecraft:jump":2132,"minecraft:interact_with_furnace":16,"minecraft:traded_with_villager":1,"minecraft:sleep_in_bed":5,"minecraft:damage_dealt":20782,"minecraft:interact_with_smoker":6,"minecraft:inspect_dispenser":1,"minecraft:interact_with_anvil":2,"minecraft:sneak_time":7210,"minecraft:total_world_time":202816,"enigmaticlegacy:play_time_without_seven_curses":441500,"minecraft:interact_with_stonecutter":1,"minecraft:time_since_rest":32547,"minecraft:swim_one_cm":38222,"minecraft:fly_one_cm":1209806,"minecraft:open_chest":136,"minecraft:fall_one_cm":445930,"enigmaticlegacy:play_time_with_seven_curses":0,"minecraft:damage_resisted":16,"minecraft:sprint_one_cm":263039,"minecraft:drop":294,"minecraft:talked_to_villager":5,"minecraft:walk_on_water_one_cm":23431,"minecraft:crouch_one_cm":38904,"minecraft:mob_kills":179,"minecraft:climb_one_cm":1995,"minecraft:walk_one_cm":550798,"minecraft:walk_under_water_one_cm":14796,"minecraft:raid_trigger":1,"minecraft:pot_flower":1,"minecraft:damage_taken":4792,"minecraft:trigger_trapped_chest":3},"minecraft:dropped":{"scguns:blaze_fuel":15,"create:metal_girder":11,"minecraft:lapis_lazuli":28,"minecraft:glow_ink_sac":1,"minecraft:diamond":14,"minecraft:cooked_porkchop":7,"create:flywheel":5,"scguns:copper_gun_frame":1,"minecraft:crossbow":1,"minecraft:glow_berries":1,"scguns:anthralite_leggings":1,"create:cogwheel":29,"improvableskills:parchment_fragment":12,"create:fluid_tank":5,"minecraft:saddle":1,"enigmaticlegacy:common_potion":2,"create:large_water_wheel":3,"minecraft:rail":4,"minecraft:leather_helmet":1,"minecraft:emerald":7,"minecraft:packed_mud":3,"minecraft:dirt":1,"supplementaries:rope":4,"create:mechanical_arm":2,"alexscaves:heart_of_iron":2,"minecraft:gold_nugget":2,"rustic_engineer:book_spidermech":1,"minecraft:white_wool":17,"minecraft:bone":49,"rustic_engineer:book_airship":1,"scguns:large_casing_mold":3,"minecraft:waxed_cut_copper_stairs":2,"minecraft:compass":2,"minecraft:sugar_cane":2,"minecraft:emerald_block":11,"minecraft:lever":1,"create:andesite_bars":1,"minecraft:iron_nugget":5,"create:windmill_bearing":1,"miners_delight:silverfish_eggs":4,"alexscaves:cave_tablet":26,"minecraft:wheat":1,"minecraft:obsidian":40,"endrem:rogue_eye":1,"minecraft:rotten_flesh":36,"minecraft:oak_planks":6,"create:white_sail":4,"scguns:standard_copper_round":751,"minecraft:tipped_arrow":10,"minecraft:charcoal":17,"minecraft:leather_boots":1,"farmersdelight:rope":3,"scguns:rapid_firing_unit":2,"yungscavebiomes:icicle":2,"quark:smithing_template_rune":4,"minecraft:stone_brick_stairs":1,"minecraft:dead_tube_coral_block":1,"farmersdelight:tomato_seeds":3,"create:fluid_valve":3,"create:mechanical_mixer":1,"create:basin":1,"minecraft:enchanted_book":5,"minecraft:iron_ingot":67,"alexscaves:raw_azure_neodymium":14,"minecraft:wheat_seeds":2,"minecraft:clock":1,"minecraft:tnt":2,"minecraft:feather":4,"minecraft:cobblestone":5,"minecraft:book":54,"scguns:diamond_steel_blueprint":2,"minecraft:apple":11,"create:placard":1,"minecraft:coal":98,"minecraft:golden_apple":1,"create:andesite_casing":36,"create:rope_pulley":1,"minecraft:diamond_horse_armor":1,"alexscaves:scarlet_neodymium_pillar":17,"endrem:corrupted_eye":1,"enemyexpansion:wasp_thorax":1,"minecraft:brown_terracotta":1,"delightful:acorn":2,"minecraft:white_banner":2,"create:metal_bracket":2,"minecraft:chipped_anvil":1,"scguns:small_iron_casing":16,"minecraft:paper":33,"minecraft:string":7,"minecraft:stone_brick_slab":2,"create:smart_fluid_pipe":1,"create:clutch":1,"minecraft:furnace":4,"minecraft:stone_sword":1,"supplementaries:jar":1,"sophisticatedbackpacks:backpack":2,"minecraft:damaged_anvil":1,"minecraft:name_tag":2,"create:mechanical_pump":6,"supplementaries:cage":6,"scguns:medium_scope":1,"create:cut_dripstone":2,"minecraft:potato":14,"create:item_vault":52,"minecraft:spruce_trapdoor":2,"minecraft:spruce_planks":11,"create:hand_crank":8,"minecraft:barrel":1,"minecraft:bamboo":6,"enigmaticaddons:antique_bag":1,"minecraft:bow":1,"scguns:small_brass_casing":11,"minecraft:black_wool":3,"create:andesite_funnel":2,"create:copper_valve_handle":4,"minecraft:spruce_sign":10,"create:belt_connector":9,"create:spout":2,"create:vertical_gearbox":1,"scguns:blasphemy":1,"create:millstone":2,"scguns:pyroclastic_flow":1,"minecraft:warped_fungus":6,"minecraft:baked_potato":1,"minecraft:loom":2,"create:mechanical_piston":8,"minecraft:ender_pearl":1,"minecraft:leather":26,"create:track":3,"scguns:medium_copper_casing":6,"scguns:dozier_rl":1,"create:steam_whistle":10,"minecraft:raw_gold_block":1,"alexscaves:peppermint_powder":3,"alexscaves:galena":24,"blue_skies:blue_journal":1,"create:fluid_pipe":57,"minecraft:dispenser":6,"minecraft:pumpkin_pie":19,"enigmaticaddons:revival_leaf":1,"create:large_cogwheel":19,"create:portable_storage_interface":1,"alexscaves:azure_neodymium_pillar":18,"minecraft:cauldron":1,"minecraft:gold_ingot":45,"quark:slime_in_a_bucket":1,"create:smart_chute":3,"supplementaries:faucet":1,"enigmaticlegacy:tattered_tome":1,"create:mechanical_bearing":3,"minecraft:carrot":3,"supplementaries:soap":7,"create:wooden_bracket":1,"minecraft:rabbit_hide":7,"alexscaves:raw_scarlet_neodymium":24,"supplementaries:ash":16,"minecraft:gunpowder":43,"scguns:gun_grip":2,"minecraft:dropper":60,"create:gearbox":2,"minecraft:beetroot_seeds":4,"create:copycat_panel":1,"create:depot":2,"create:andesite_pillar":1,"minecraft:iron_bars":2,"minecraft:arrow":21,"create:water_wheel":2,"create:mechanical_press":1,"minecraft:written_book":1,"create:andesite_alloy":4,"minecraft:water_bucket":1,"create:polished_cut_dripstone":1,"minecraft:bread":21,"scguns:thunderhead":1,"enigmaticaddons:earth_heart_fragment":2,"create:mechanical_saw":1,"minecraft:minecart":1,"enigmaticlegacy:the_acknowledgment":1,"scguns:powder_and_ball":6,"alexscaves:spelunkery_table":1,"create:chute":26,"blue_skies:ventium_ingot":1,"minecraft:grass_block":2,"minecraft:stick":1,"minecraft:iron_block":11,"illagerinvasion:platinum_chunk":7,"create:andesite_ladder":12,"scguns:grapeshot":6,"minecraft:melon_slice":10,"minecraft:map":1,"scguns:long_scope":1,"protection_pixel:ironarmorplate":1,"enigmaticlegacy:lore_inscriber":2,"minecraft:wither_rose":1,"cold_sweat:thermometer":1,"minecraft:bucket":2,"minecraft:redstone":12,"minecraft:anvil":1,"create:schematic_table":2,"create:shaft":104,"minecraft:wild_armor_trim_smithing_template":4,"minecraft:raw_iron":37,"minecraft:light_gray_wool":4,"minecraft:smoker":1,"alexsmobs:ancient_dart":3,"enigmaticlegacy:iron_ring":3,"blue_skies:moonstone_shard":1,"supplementaries:bamboo_spikes_tipped":1,"alexscaves:sharpened_candy_cane":1,"scguns:gattaler":1,"scguns:medium_brass_casing":56,"create:radial_chassis":2,"minecraft:andesite":9,"create:empty_blaze_burner":1},"minecraft:picked_up":{"minecraft:anvil":2,"create:spout":4,"create:metal_bracket":2,"endrem:corrupted_eye":1,"minecraft:oak_stairs":2,"minecraft:wither_rose":2,"minecraft:enchanted_book":5,"minecraft:string":13,"minecraft:shroomlight":2,"create:water_wheel":4,"minecraft:spruce_planks":11,"minecraft:written_book":2,"tetra:modular_sword":2,"minecraft:melon_slice":10,"minecraft:coal_block":1,"create:andesite_casing":55,"enigmaticaddons:earth_heart_fragment":2,"minecraft:cauldron":1,"minecraft:waxed_cut_copper_stairs":2,"createmetallurgy:coke":10,"minecraft:stone_sword":1,"create:track":6,"minecraft:iron_block":11,"farmersdelight:rope":3,"create:mechanical_arm":4,"supplementaries:ash":24,"endrem:rogue_eye":1,"minecraft:iron_bars":4,"minecraft:feather":1,"minecraft:water_bucket":1,"create:rope_pulley":1,"minecraft:smoker":2,"minecraft:flint":1,"minecraft:lantern":3,"enigmaticlegacy:common_potion":2,"alexscaves:galena":48,"enigmaticaddons:revival_leaf":1,"scguns:grapeshot":6,"create:shaft":115,"create:fluid_valve":6,"create:placard":1,"enigmaticlegacy:iron_ring":1,"create:empty_blaze_burner":1,"minecraft:dropper":120,"create:copycat_panel":1,"create:steam_whistle":19,"minecraft:loom":2,"minecraft:dark_oak_log":1,"minecraft:barrel":1,"minecraft:dispenser":12,"minecraft:lever":2,"alexscaves:sharpened_candy_cane":1,"alexscaves:heart_of_iron":4,"minecraft:bread":11,"create:copper_valve_handle":8,"alexscaves:raw_scarlet_neodymium":64,"minecraft:diamond_pickaxe":2,"create:mechanical_piston":16,"blue_skies:blue_journal":1,"alexscaves:chocolate_ice_cream_scoop":1,"alexscaves:peppermint_powder":3,"create:fluid_pipe":68,"alexscaves:gumball_pile":2,"minecraft:compass":1,"minecraft:iron_shovel":1,"enigmaticaddons:antique_bag":1,"quark:spruce_chest":1,"minecraft:iron_nugget":24,"minecraft:minecart":1,"minecraft:chest":3,"supplementaries:rope":4,"create:clutch":1,"minecraft:raw_gold_block":2,"sophisticatedbackpacks:backpack":2,"farmersdelight:tomato_seeds":3,"quark:slime_in_a_bucket":1,"minecraft:carrot":3,"minecraft:redstone":12,"create:vertical_gearbox":2,"minecraft:tnt":4,"create:small_tuff_brick_stairs":1,"minecraft:beetroot_seeds":4,"create:depot":4,"minecraft:gold_ingot":45,"blue_skies:moonstone_shard":1,"minecraft:glow_berries":1,"minecraft:rail":4,"minecraft:white_wool":17,"scguns:marlin":2,"minecraft:packed_mud":3,"minecraft:oak_log":1,"minecraft:paper":34,"minecraft:white_banner":3,"minecraft:apple":11,"scguns:medium_brass_casing":68,"minecraft:wild_armor_trim_smithing_template":4,"create:metal_girder":12,"create:mechanical_saw":1,"minecraft:gravel":3,"minecraft:spruce_log":21,"create:gearbox":3,"minecraft:leather_helmet":1,"create:millstone":3,"create:smart_chute":6,"create:mechanical_pump":12,"alexscaves:scarlet_neodymium_pillar":48,"create:portable_storage_interface":2,"minecraft:lodestone":1,"minecraft:baked_potato":1,"create:polished_cut_dripstone":1,"minecraft:stripped_dark_oak_log":1,"minecraft:ender_pearl":2,"minecraft:wheat":1,"illagerinvasion:platinum_chunk":11,"alexscaves:cave_tablet":26,"enemyexpansion:wasp_thorax":1,"rustic_engineer:book_spidermech":1,"create:wooden_bracket":2,"supplementaries:jar":1,"minecraft:dead_tube_coral_block":1,"alexsmobs:ancient_dart":2,"minecraft:smooth_stone_slab":1,"alexscaves:scrap_metal_plate":1,"create:andesite_funnel":4,"create:mechanical_press":2,"minecraft:smooth_stone":1,"minecraft:bucket":3,"delightful:acorn":2,"yungscavebiomes:icicle":4,"minecraft:furnace":5,"minecraft:tipped_arrow":20,"minecraft:stick":1,"create:mechanical_mixer":1,"improvableskills:parchment_fragment":9,"miners_delight:silverfish_eggs":4,"minecraft:brown_terracotta":1,"minecraft:oak_fence":1,"alexscaves:raw_azure_neodymium":38,"create:large_cogwheel":20,"minecraft:rotten_flesh":28,"minecraft:deepslate_brick_stairs":1,"minecraft:obsidian":40,"minecraft:cobblestone":41,"minecraft:lilac":2,"create:fluid_tank":7,"minecraft:andesite":1,"minecraft:potato":23,"enigmaticlegacy:the_acknowledgment":1,"create:belt_connector":10,"scguns:medium_copper_casing":2,"rustic_engineer:book_airship":1,"minecraft:lapis_lazuli":55,"minecraft:dirt":2,"minecraft:name_tag":4,"minecraft:leather_boots":1,"minecraft:bone":48,"minecraft:bow":1,"minecraft:wheat_seeds":2,"create:flywheel":5,"minecraft:bamboo":6,"minecraft:oak_planks":3,"create:radial_chassis":2,"minecraft:cooked_porkchop":20,"create:cogwheel":31,"quark:dark_oak_ladder":1,"create:smart_fluid_pipe":2,"minecraft:grass_block":2,"minecraft:oxidized_cut_copper_slab":1,"minecraft:jungle_slab":1,"enigmaticlegacy:lore_inscriber":2,"minecraft:light_gray_concrete":2,"minecraft:yellow_carpet":1,"minecraft:diamond":14,"minecraft:crossbow":3,"minecraft:golden_apple":1,"minecraft:spruce_sign":10,"minecraft:emerald":20,"minecraft:oak_sapling":7,"create:white_sail":4,"minecraft:charcoal":19,"alexscaves:cake_layer":12,"minecraft:diamond_horse_armor":1,"create:schematic_table":3,"minecraft:iron_axe":2,"create:chute":30,"cold_sweat:thermometer":1,"improvableskills:scroll_normal":1,"create:basin":1,"minecraft:light_gray_wool":4,"supplementaries:cage":6,"minecraft:sugar_cane":2,"minecraft:spruce_trapdoor":2,"minecraft:raw_iron":68,"create:windmill_bearing":1,"create:hand_crank":9,"create:cut_tuff":1,"minecraft:arrow":15,"minecraft:pumpkin_pie":20,"alexscaves:spelunkery_table":1,"minecraft:saddle":1,"supplementaries:faucet":1,"minecraft:skeleton_skull":1,"minecraft:cracked_deepslate_tiles":2,"minecraft:air":0,"minecraft:glow_ink_sac":2,"minecraft:leather":23,"create:cut_dripstone":2,"quark:smithing_template_rune":3,"create:andesite_alloy":4,"minecraft:gunpowder":35,"create:item_vault":88,"minecraft:cooked_mutton":3,"scguns:powder_and_ball":6,"minecraft:rabbit_hide":14,"minecraft:spruce_wood":2,"minecraft:iron_ingot":3,"alexscaves:candy_cane":3,"protection_pixel:ironarmorplate":1,"minecraft:book":83,"minecraft:emerald_block":12,"create:mechanical_bearing":3,"minecraft:warped_fungus":6,"create:large_water_wheel":6,"minecraft:stone_brick_slab":2,"minecraft:raw_iron_block":3,"minecraft:spider_eye":1,"blue_skies:ventium_ingot":1,"minecraft:cherry_sapling":1,"alexscaves:azure_neodymium_pillar":44,"minecraft:black_wool":3,"minecraft:damaged_anvil":2,"minecraft:coal":131,"create:andesite_ladder":16},"minecraft:mined":{"create:andesite_casing":36,"alexscaves:azure_neodymium_pillar":23,"minecraft:obsidian":19,"alexscaves:chiseled_candy_cane_block":3,"minecraft:coal_block":1,"create:item_vault":52,"create:belt":9,"minecraft:spawner":10,"create:small_tuff_brick_stairs":1,"minecraft:barrel":1,"create:encased_fluid_pipe":2,"alexscaves:scarlet_neodymium_node":5,"minecraft:oak_stairs":2,"supplementaries:jar":1,"minecraft:light_gray_concrete":2,"minecraft:deepslate_brick_stairs":1,"minecraft:spruce_wood":2,"create:mechanical_press":1,"minecraft:tripwire":5,"create:lit_blaze_burner":1,"create:cogwheel":29,"quark:dark_oak_ladder":1,"minecraft:smoker":1,"create:mechanical_piston":8,"alexscaves:energized_galena_scarlet":2,"create:copper_valve_handle":1,"minecraft:damaged_anvil":1,"alexscaves:cake_layer":12,"create:basin":1,"create:andesite_belt_funnel":1,"minecraft:chain":1,"create:flywheel":5,"create:portable_storage_interface":1,"create:mechanical_mixer":1,"create:copycat_panel":1,"minecraft:wither_rose":1,"minecraft:stone_brick_stairs":1,"minecraft:grass":8,"create:hand_crank":2,"minecraft:loom":2,"create:andesite_pillar":1,"create:clutch":1,"create:cut_tuff":1,"create:millstone":1,"minecraft:dark_oak_log":1,"create:fluid_tank":5,"minecraft:redstone_wire":2,"create:mechanical_arm":2,"alexscaves:galena":2,"create:polished_cut_dripstone":1,"create:shaft":88,"minecraft:packed_mud":5,"minecraft:andesite":1,"alexscaves:heart_of_iron":2,"create_easy_structures:destroyedtrack_3":2,"create:chute":26,"alexscaves:azure_neodymium_node":1,"minecraft:stone_brick_slab":2,"create:fluid_pipe":50,"create:mechanical_pump":6,"minecraft:dropper":60,"minecraft:campfire":2,"create:water_wheel":2,"create:mechanical_saw":1,"create:water_wheel_structure":4,"create:gearbox":3,"minecraft:spruce_log":21,"create_easy_structures:destroyedtrack_1":2,"create:mechanical_bearing":3,"create:smart_fluid_pipe":1,"minecraft:gravel":5,"minecraft:cobweb":3,"biomesoplenty:stringy_cobweb":1,"minecraft:brown_terracotta":1,"create:andesite_funnel":1,"minecraft:fern":1,"minecraft:jungle_slab":1,"minecraft:spruce_trapdoor":1,"minecraft:cave_vines_plant":1,"minecraft:dead_tube_coral_block":1,"minecraft:infested_cobblestone":2,"create:andesite_ladder":1,"minecraft:smooth_stone":1,"minecraft:raw_iron_block":3,"minecraft:iron_ore":15,"minecraft:anvil":1,"create:oak_window_pane":3,"minecraft:iron_bars":2,"minecraft:waxed_cut_copper_stairs":2,"create:radial_chassis":2,"create:steam_whistle_extension":1,"create:fluid_valve":3,"alexscaves:energized_galena_neutral":1,"minecraft:chest":3,"minecraft:mushroom_stem":2,"minecraft:cobblestone":2,"minecraft:cauldron":1,"create:large_water_wheel":1,"create:rope_pulley":1,"create:steam_whistle":4,"minecraft:light_gray_wool":1,"minecraft:tnt":1,"create:spout":2,"minecraft:smooth_stone_slab":1,"minecraft:cracked_deepslate_tiles":1,"minecraft:oak_log":1,"minecraft:dirt":2,"minecraft:dispenser":7,"minecraft:netherrack":1,"minecraft:oak_leaves":13,"minecraft:emerald_block":4,"minecraft:gray_stained_glass_pane":1,"create:large_cogwheel":19,"create:depot":2,"supplementaries:faucet":1,"minecraft:furnace":1,"minecraft:raw_gold_block":1,"alexscaves:energized_galena_azure":5,"create:white_sail":4,"minecraft:bookshelf":9,"minecraft:shroomlight":2,"minecraft:oxidized_cut_copper_slab":1,"create:polished_cut_andesite":1,"minecraft:stone":68,"biomesoplenty:spider_egg":1,"minecraft:stripped_dark_oak_log":1,"create:track":3,"minecraft:oak_fence":1,"create:metal_girder":16,"minecraft:lapis_ore":4,"supplementaries:cage":6,"create:schematic_table":2,"alexscaves:galena_iron_ore":17,"minecraft:sweet_berry_bush":1,"create_easy_structures:destroyedtrack_2":1,"create:cut_dripstone":2,"minecraft:coal_ore":9,"create:smart_chute":4,"quark:spruce_chest":1,"minecraft:lodestone":1,"minecraft:cracked_stone_bricks":1,"create:andesite_encased_shaft":3,"alexscaves:scarlet_neodymium_pillar":23,"alexscaves:scrap_metal_plate":1}},"DataVersion":3465}