{"stats":{"minecraft:used":{"scguns:locust":12,"scguns:rat_king_and_queen":5,"minecraft:iron_shovel":1,"scguns:gattaler":11,"scguns:whispers":5,"minecraft:dirt":26,"scguns:astella":5,"scguns:pyroclastic_flow":1,"tetra:modular_sword":53,"scguns:earths_corpse":11,"scguns:sculk_resonator":3,"scguns:dozier_rl":2,"scguns:dark_matter":14,"scguns:echoes_2":3,"minecraft:diamond_pickaxe":64,"scguns:newborn_cyst":2,"scguns:marlin":118,"minecraft:melon_slice":17,"minecraft:iron_axe":25,"minecraft:bread":21,"minecraft:string":2,"scguns:blasphemy":5,"minecraft:cobblestone":11,"scguns:thunderhead":4,"scguns:laser_musket":1,"minecraft:pumpkin_pie":5,"supplementaries:soap":1,"scguns:saketini":8},"minecraft:picked_up":{"minecraft:charcoal":2,"minecraft:feather":1,"illagerinvasion:platinum_chunk":4,"minecraft:andesite":1,"minecraft:potato":9,"scguns:medium_copper_casing":2,"minecraft:paper":1,"minecraft:white_banner":3,"minecraft:dead_tube_coral_block":1,"minecraft:lapis_lazuli":27,"minecraft:dirt":1,"minecraft:string":4,"minecraft:lantern":3,"minecraft:iron_axe":1,"minecraft:bone":4,"scguns:medium_brass_casing":32,"minecraft:wheat_seeds":2,"delightful:acorn":2,"minecraft:iron_nugget":24,"minecraft:light_gray_wool":1,"minecraft:coal_block":1,"minecraft:stick":1,"minecraft:book":2,"minecraft:raw_iron":15,"minecraft:emerald_block":1,"minecraft:raw_gold_block":1,"miners_delight:silverfish_eggs":4,"minecraft:raw_iron_block":3,"minecraft:spruce_log":20,"minecraft:jungle_slab":1,"minecraft:barrel":1,"minecraft:arrow":2,"minecraft:rotten_flesh":3,"minecraft:pumpkin_pie":1,"minecraft:crossbow":1,"minecraft:emerald":11,"minecraft:spruce_sign":10,"supplementaries:ash":6,"minecraft:oak_sapling":7,"minecraft:coal":9,"minecraft:rail":4,"minecraft:cobblestone":18},"minecraft:custom":{"enigmaticlegacy:play_time_with_seven_curses":0,"minecraft:mob_kills":74,"enigmaticlegacy:play_time_without_seven_curses":292431,"minecraft:open_barrel":9,"minecraft:raid_trigger":1,"minecraft:time_since_death":45377,"minecraft:sleep_in_bed":3,"minecraft:climb_one_cm":417,"minecraft:damage_resisted":16,"minecraft:time_since_rest":12731,"minecraft:sprint_one_cm":68169,"minecraft:damage_taken":1827,"minecraft:walk_one_cm":140537,"minecraft:trigger_trapped_chest":2,"minecraft:drop":42,"minecraft:damage_dealt":7188,"minecraft:swim_one_cm":21921,"minecraft:talked_to_villager":2,"minecraft:fly_one_cm":220902,"minecraft:open_chest":16,"minecraft:crouch_one_cm":7741,"minecraft:play_time":53572,"minecraft:deaths":1,"minecraft:sneak_time":1584,"minecraft:walk_under_water_one_cm":10075,"minecraft:jump":534,"minecraft:walk_on_water_one_cm":8908,"minecraft:total_world_time":53572,"minecraft:fall_one_cm":91596,"minecraft:inspect_dispenser":1},"minecraft:killed":{"illagerinvasion:archivist":2,"raided:electromancer":3,"minecraft:cave_spider":1,"minecraft:witch":1,"minecraft:zombie_villager":1,"takesapillage:skirmisher":1,"minecraft:vindicator":5,"minecraft:spider":3,"illagerinvasion:marauder":3,"minecraft:wandering_trader":1,"minecraft:creeper":1,"enemyexpansion:direwolf":3,"illagerinvasion:alchemist":1,"minecraft:ravager":1,"raided:necromancer":1,"illagerinvasion:basher":4,"scguns:redcoat":1,"minecraft:skeleton":1,"minecraft:pillager":22,"minecraft:zombie":5,"takesapillage:clay_golem":1,"alexsmobs:toucan":1,"illagerinvasion:provoker":1,"minecraft:silverfish":2,"takesapillage:archer":2,"raided:inquisitor":3,"minecraft:villager":2},"minecraft:mined":{"minecraft:jungle_slab":1,"minecraft:cave_vines_plant":1,"minecraft:dead_tube_coral_block":1,"minecraft:infested_cobblestone":2,"minecraft:campfire":1,"minecraft:mushroom_stem":2,"minecraft:cobblestone":2,"minecraft:coal_block":1,"minecraft:lapis_ore":4,"minecraft:raw_iron_block":3,"minecraft:raw_gold_block":1,"minecraft:iron_ore":15,"minecraft:barrel":1,"minecraft:spruce_log":20,"minecraft:andesite":1,"minecraft:light_gray_wool":1,"create:oak_window_pane":3,"minecraft:grass":4,"minecraft:coal_ore":9,"biomesoplenty:stringy_cobweb":1,"minecraft:stone":19,"biomesoplenty:spider_egg":1,"minecraft:fern":1,"minecraft:oak_leaves":13,"minecraft:emerald_block":1,"minecraft:tripwire":5},"minecraft:dropped":{"minecraft:spruce_sign":10,"scguns:thunderhead":1,"scguns:blasphemy":1,"minecraft:wheat_seeds":2,"scguns:pyroclastic_flow":1,"minecraft:crossbow":1,"minecraft:cobblestone":5,"minecraft:rotten_flesh":3,"enigmaticlegacy:tattered_tome":1,"minecraft:light_gray_wool":1,"alexsmobs:ancient_dart":2,"scguns:dozier_rl":1,"scguns:medium_copper_casing":2,"minecraft:rail":4,"supplementaries:bamboo_spikes_tipped":1,"minecraft:stick":1,"supplementaries:soap":7,"scguns:medium_scope":1,"scguns:standard_copper_round":751,"minecraft:dirt":1,"supplementaries:ash":12,"scguns:gattaler":1,"minecraft:andesite":1,"scguns:long_scope":1,"delightful:acorn":2,"minecraft:barrel":1,"minecraft:white_banner":2,"minecraft:dead_tube_coral_block":1}},"DataVersion":3465}