{"stats":{"minecraft:used":{"minecraft:iron_shovel":1,"minecraft:dirt":26,"scguns:astella":5,"tetra:modular_sword":10,"scguns:earths_corpse":11,"scguns:dark_matter":14,"minecraft:diamond_pickaxe":62,"scguns:marlin":3,"minecraft:melon_slice":17,"minecraft:iron_axe":24,"minecraft:bread":7,"minecraft:string":2,"minecraft:cobblestone":11,"minecraft:pumpkin_pie":5,"supplementaries:soap":1,"scguns:saketini":8},"minecraft:picked_up":{"minecraft:charcoal":2,"minecraft:feather":1,"minecraft:andesite":1,"minecraft:potato":9,"scguns:medium_copper_casing":2,"minecraft:dead_tube_coral_block":1,"minecraft:lapis_lazuli":27,"minecraft:dirt":1,"minecraft:string":4,"minecraft:lantern":3,"minecraft:bone":4,"minecraft:wheat_seeds":2,"minecraft:light_gray_wool":1,"minecraft:coal_block":1,"minecraft:raw_iron":15,"minecraft:emerald_block":1,"minecraft:raw_gold_block":1,"miners_delight:silverfish_eggs":4,"minecraft:raw_iron_block":3,"minecraft:spruce_log":20,"minecraft:barrel":1,"minecraft:arrow":2,"minecraft:rotten_flesh":3,"minecraft:pumpkin_pie":1,"minecraft:spruce_sign":10,"minecraft:coal":9,"minecraft:rail":4,"minecraft:cobblestone":16},"minecraft:custom":{"enigmaticlegacy:play_time_with_seven_curses":0,"minecraft:mob_kills":16,"enigmaticlegacy:play_time_without_seven_curses":268431,"minecraft:open_barrel":9,"minecraft:time_since_death":21377,"minecraft:sleep_in_bed":2,"minecraft:climb_one_cm":309,"minecraft:damage_resisted":6,"minecraft:time_since_rest":3580,"minecraft:sprint_one_cm":39694,"minecraft:damage_taken":1062,"minecraft:walk_one_cm":72411,"minecraft:trigger_trapped_chest":2,"minecraft:drop":14,"minecraft:damage_dealt":1534,"minecraft:swim_one_cm":17040,"minecraft:talked_to_villager":1,"minecraft:fly_one_cm":108763,"minecraft:open_chest":13,"minecraft:crouch_one_cm":7553,"minecraft:play_time":29572,"minecraft:deaths":1,"minecraft:sneak_time":1356,"minecraft:walk_under_water_one_cm":1257,"minecraft:jump":293,"minecraft:walk_on_water_one_cm":3081,"minecraft:total_world_time":29572,"minecraft:fall_one_cm":43998,"minecraft:inspect_dispenser":1},"minecraft:killed":{"minecraft:cave_spider":1,"minecraft:zombie_villager":1,"minecraft:spider":2,"minecraft:skeleton":1,"minecraft:zombie":5,"takesapillage:clay_golem":1,"alexsmobs:toucan":1,"minecraft:silverfish":2,"minecraft:villager":1},"minecraft:mined":{"minecraft:cave_vines_plant":1,"minecraft:dead_tube_coral_block":1,"minecraft:infested_cobblestone":2,"minecraft:campfire":1,"minecraft:mushroom_stem":2,"minecraft:coal_block":1,"minecraft:lapis_ore":4,"minecraft:raw_iron_block":3,"minecraft:raw_gold_block":1,"minecraft:iron_ore":15,"minecraft:barrel":1,"minecraft:spruce_log":20,"minecraft:andesite":1,"minecraft:light_gray_wool":1,"minecraft:grass":4,"minecraft:coal_ore":9,"biomesoplenty:stringy_cobweb":1,"minecraft:stone":19,"biomesoplenty:spider_egg":1,"minecraft:emerald_block":1,"minecraft:tripwire":5},"minecraft:dropped":{"minecraft:spruce_sign":10,"minecraft:wheat_seeds":1,"minecraft:cobblestone":4,"minecraft:light_gray_wool":1,"alexsmobs:ancient_dart":2,"minecraft:rail":4,"supplementaries:bamboo_spikes_tipped":1,"supplementaries:soap":7,"minecraft:dirt":1,"supplementaries:ash":12,"minecraft:andesite":1,"minecraft:barrel":1,"minecraft:dead_tube_coral_block":1}},"DataVersion":3465}