{"stats":{"minecraft:crafted":{"minecraft:raw_iron":27,"minecraft:coal":9,"minecraft:diamond_boots":1,"blue_skies:blue_journal":1,"minecraft:crafting_table":1,"minecraft:spruce_planks":80,"sophisticatedbackpacks:gold_backpack":1,"minecraft:air":0,"sophisticatedbackpacks:diamond_backpack":1},"minecraft:used":{"scguns:locust":12,"scguns:rat_king_and_queen":5,"minecraft:iron_shovel":1,"minecraft:dispenser":1,"scguns:gattaler":11,"minecraft:spruce_planks":1,"scguns:whispers":5,"minecraft:dirt":26,"tetra:modular_sword":69,"scguns:pyroclastic_flow":1,"scguns:earths_corpse":11,"scguns:dark_matter":14,"scguns:dozier_rl":2,"scguns:newborn_cyst":2,"minecraft:lantern":3,"minecraft:iron_axe":44,"scguns:saketini":8,"scguns:astella":5,"minecraft:crafting_table":1,"scguns:sculk_resonator":3,"scguns:echoes_2":3,"minecraft:diamond_pickaxe":252,"minecraft:apple":11,"scguns:marlin":146,"minecraft:bread":26,"minecraft:melon_slice":17,"minecraft:string":2,"scguns:blasphemy":5,"minecraft:cobblestone":11,"minecraft:wither_rose":1,"minecraft:cooked_porkchop":3,"scguns:thunderhead":4,"supplementaries:soap":1,"scguns:laser_musket":1,"minecraft:pumpkin_pie":9},"minecraft:killed":{"illagerinvasion:archivist":2,"raided:electromancer":3,"minecraft:cave_spider":1,"minecraft:witch":1,"minecraft:spider":3,"minecraft:vindicator":5,"illagerinvasion:marauder":3,"enemyexpansion:direwolf":4,"illagerinvasion:basher":4,"minecraft:skeleton":9,"scguns:redcoat":1,"takesapillage:clay_golem":1,"illagerinvasion:provoker":1,"minecraft:silverfish":2,"minecraft:pig":1,"minecraft:zombie_villager":1,"takesapillage:skirmisher":1,"minecraft:wandering_trader":1,"illagerinvasion:alchemist":1,"minecraft:ravager":1,"minecraft:creeper":2,"raided:necromancer":1,"minecraft:sheep":3,"minecraft:pillager":22,"minecraft:zombie":6,"alexsmobs:toucan":1,"takesapillage:archer":2,"raided:inquisitor":3,"minecraft:villager":5,"enemyexpansion:wasp":2},"minecraft:custom":{"enigmaticlegacy:play_time_with_seven_curses":0,"minecraft:mob_kills":94,"minecraft:interact_with_crafting_table":3,"minecraft:open_barrel":13,"minecraft:leave_game":1,"minecraft:time_since_death":86621,"minecraft:climb_one_cm":1032,"minecraft:damage_resisted":16,"minecraft:sprint_one_cm":134049,"minecraft:walk_one_cm":235643,"minecraft:drop":77,"minecraft:talked_to_villager":4,"minecraft:play_time":94816,"minecraft:deaths":1,"minecraft:sneak_time":2885,"minecraft:walk_under_water_one_cm":11145,"minecraft:jump":1206,"minecraft:walk_on_water_one_cm":12244,"minecraft:total_world_time":94816,"minecraft:interact_with_furnace":1,"minecraft:traded_with_villager":1,"enigmaticlegacy:play_time_without_seven_curses":333675,"minecraft:raid_trigger":1,"minecraft:interact_with_stonecutter":1,"minecraft:sleep_in_bed":4,"minecraft:time_since_rest":37863,"minecraft:damage_taken":1948,"minecraft:trigger_trapped_chest":2,"minecraft:damage_dealt":9113,"minecraft:swim_one_cm":34153,"minecraft:fly_one_cm":598740,"minecraft:open_chest":28,"minecraft:crouch_one_cm":10546,"minecraft:fall_one_cm":238205,"minecraft:inspect_dispenser":1},"minecraft:dropped":{"minecraft:spruce_sign":10,"create:polished_cut_dripstone":1,"scguns:thunderhead":1,"scguns:blasphemy":1,"minecraft:wheat_seeds":2,"minecraft:clock":1,"scguns:pyroclastic_flow":1,"minecraft:loom":2,"minecraft:crossbow":1,"minecraft:feather":4,"minecraft:cobblestone":5,"scguns:dozier_rl":1,"scguns:medium_copper_casing":6,"minecraft:rail":4,"minecraft:stick":1,"minecraft:packed_mud":3,"minecraft:dirt":1,"create:fluid_pipe":5,"create:andesite_ladder":4,"minecraft:dispenser":1,"scguns:long_scope":1,"enemyexpansion:wasp_thorax":1,"minecraft:brown_terracotta":1,"delightful:acorn":2,"minecraft:white_banner":2,"minecraft:chipped_anvil":1,"minecraft:gold_ingot":13,"minecraft:stone_brick_slab":2,"minecraft:bone":6,"minecraft:lever":1,"miners_delight:silverfish_eggs":4,"minecraft:rotten_flesh":33,"minecraft:light_gray_wool":1,"minecraft:oak_planks":6,"enigmaticlegacy:tattered_tome":1,"alexsmobs:ancient_dart":2,"enigmaticlegacy:iron_ring":2,"supplementaries:bamboo_spikes_tipped":1,"supplementaries:soap":7,"scguns:medium_scope":1,"create:cut_dripstone":2,"scguns:standard_copper_round":751,"supplementaries:ash":13,"scguns:gattaler":1,"scguns:medium_brass_casing":38,"minecraft:spruce_planks":11,"minecraft:andesite":9,"minecraft:barrel":1,"create:andesite_pillar":1,"minecraft:arrow":15,"minecraft:bow":1,"minecraft:dead_tube_coral_block":1,"minecraft:stone_brick_stairs":1},"minecraft:picked_up":{"minecraft:charcoal":2,"illagerinvasion:platinum_chunk":4,"minecraft:anvil":1,"create:spout":2,"enemyexpansion:wasp_thorax":1,"minecraft:wither_rose":1,"create:schematic_table":1,"create:wooden_bracket":1,"create:fluid_pipe":16,"minecraft:dead_tube_coral_block":1,"minecraft:string":6,"minecraft:iron_axe":1,"create:chute":4,"create:andesite_funnel":2,"create:water_wheel":2,"create:mechanical_press":1,"minecraft:bucket":1,"minecraft:spruce_planks":11,"delightful:acorn":2,"minecraft:iron_nugget":24,"minecraft:light_gray_wool":2,"minecraft:coal_block":1,"minecraft:raw_iron":15,"minecraft:stick":1,"minecraft:raw_gold_block":1,"miners_delight:silverfish_eggs":4,"minecraft:brown_terracotta":1,"create:hand_crank":1,"create:vertical_gearbox":1,"create:large_cogwheel":1,"minecraft:arrow":8,"minecraft:rotten_flesh":18,"minecraft:pumpkin_pie":1,"create:track":3,"create:depot":2,"minecraft:gold_ingot":13,"create:mechanical_arm":2,"supplementaries:ash":10,"minecraft:rail":4,"minecraft:cobblestone":18,"minecraft:feather":1,"minecraft:air":0,"create:fluid_tank":2,"minecraft:andesite":1,"minecraft:smoker":1,"minecraft:potato":9,"create:belt_connector":1,"create:cut_dripstone":2,"minecraft:packed_mud":3,"scguns:medium_copper_casing":2,"minecraft:lantern":3,"minecraft:lapis_lazuli":27,"minecraft:dirt":1,"minecraft:paper":1,"minecraft:white_banner":3,"create:item_vault":36,"minecraft:cooked_mutton":3,"minecraft:bone":16,"scguns:medium_brass_casing":37,"minecraft:bow":1,"minecraft:wheat_seeds":2,"create:metal_girder":1,"create:shaft":11,"create:fluid_valve":3,"minecraft:oak_planks":3,"minecraft:book":29,"minecraft:emerald_block":1,"minecraft:cooked_porkchop":3,"create:cogwheel":2,"minecraft:stone_brick_slab":2,"minecraft:raw_iron_block":3,"create:steam_whistle":9,"create:smart_fluid_pipe":1,"minecraft:spruce_log":20,"minecraft:loom":2,"minecraft:oxidized_cut_copper_slab":1,"minecraft:jungle_slab":1,"minecraft:barrel":1,"create:gearbox":1,"create:millstone":1,"minecraft:dispenser":2,"minecraft:black_wool":1,"minecraft:lever":1,"minecraft:crossbow":1,"minecraft:spruce_sign":10,"create:portable_storage_interface":1,"minecraft:emerald":11,"create:polished_cut_dripstone":1,"minecraft:lodestone":1,"minecraft:oak_sapling":7,"minecraft:damaged_anvil":1,"create:copper_valve_handle":4,"minecraft:coal":9,"create:andesite_ladder":12},"minecraft:mined":{"create:millstone":1,"minecraft:jungle_slab":1,"create:fluid_tank":5,"minecraft:gray_stained_glass_pane":1,"minecraft:spruce_trapdoor":1,"minecraft:cave_vines_plant":1,"create:large_cogwheel":3,"minecraft:dead_tube_coral_block":1,"minecraft:infested_cobblestone":2,"create:depot":2,"minecraft:coal_block":1,"create:item_vault":36,"create:mechanical_arm":2,"supplementaries:faucet":1,"create:belt":3,"minecraft:spawner":5,"create:polished_cut_dripstone":1,"minecraft:raw_iron_block":3,"create:shaft":13,"minecraft:packed_mud":3,"minecraft:raw_gold_block":1,"minecraft:iron_ore":15,"minecraft:barrel":1,"create:encased_fluid_pipe":2,"create:white_sail":4,"minecraft:andesite":1,"minecraft:anvil":1,"create:oak_window_pane":3,"create_easy_structures:destroyedtrack_3":2,"minecraft:bookshelf":9,"create:chute":4,"supplementaries:jar":1,"minecraft:oxidized_cut_copper_slab":1,"create:polished_cut_andesite":1,"minecraft:stone":19,"biomesoplenty:spider_egg":1,"create:mechanical_press":1,"minecraft:tripwire":5,"minecraft:waxed_cut_copper_stairs":2,"create:lit_blaze_burner":1,"create:radial_chassis":2,"create:cogwheel":3,"minecraft:smoker":1,"minecraft:stone_brick_slab":1,"create:steam_whistle_extension":1,"create:track":3,"create:fluid_valve":3,"create:metal_girder":16,"create:fluid_pipe":16,"minecraft:campfire":2,"create:water_wheel":2,"minecraft:mushroom_stem":2,"minecraft:cobblestone":2,"create:copper_valve_handle":1,"minecraft:lapis_ore":4,"minecraft:damaged_anvil":1,"supplementaries:cage":6,"minecraft:cauldron":1,"create:mechanical_saw":1,"create:basin":1,"create:andesite_belt_funnel":1,"create:schematic_table":1,"create:flywheel":1,"create:portable_storage_interface":1,"create:rope_pulley":1,"create:gearbox":3,"minecraft:sweet_berry_bush":1,"create:mechanical_mixer":1,"create:steam_whistle":4,"create:copycat_panel":1,"minecraft:spruce_log":20,"minecraft:light_gray_wool":1,"create_easy_structures:destroyedtrack_2":1,"minecraft:wither_rose":1,"minecraft:stone_brick_stairs":1,"create:spout":2,"create:cut_dripstone":2,"create_easy_structures:destroyedtrack_1":2,"minecraft:grass":4,"create:mechanical_bearing":2,"minecraft:coal_ore":9,"create:smart_fluid_pipe":1,"create:hand_crank":1,"minecraft:loom":2,"create:andesite_pillar":1,"biomesoplenty:stringy_cobweb":1,"minecraft:lodestone":1,"minecraft:brown_terracotta":1,"minecraft:cobweb":3,"minecraft:dispenser":2,"create:andesite_encased_shaft":3,"create:clutch":1,"create:andesite_funnel":1,"minecraft:oak_leaves":13,"minecraft:emerald_block":4,"minecraft:fern":1}},"DataVersion":3465}