{"stats":{"minecraft:used":{"minecraft:diamond_pickaxe":15,"minecraft:cobblestone":1,"tetra:modular_sword":3,"minecraft:melon_slice":2,"supplementaries:soap":1},"minecraft:picked_up":{"minecraft:feather":1,"minecraft:pumpkin_pie":1,"minecraft:lapis_lazuli":27,"minecraft:cobblestone":11},"minecraft:custom":{"minecraft:time_since_rest":5572,"minecraft:open_chest":3,"enigmaticlegacy:play_time_with_seven_curses":0,"minecraft:crouch_one_cm":407,"minecraft:sprint_one_cm":3811,"minecraft:play_time":5572,"minecraft:damage_taken":232,"minecraft:walk_one_cm":8764,"minecraft:sneak_time":136,"minecraft:trigger_trapped_chest":1,"minecraft:mob_kills":2,"minecraft:jump":4,"minecraft:damage_dealt":240,"minecraft:time_since_death":5572,"enigmaticlegacy:play_time_without_seven_curses":244505,"minecraft:total_world_time":5572,"minecraft:damage_resisted":6,"minecraft:talked_to_villager":1,"minecraft:fall_one_cm":1884,"minecraft:fly_one_cm":23466},"minecraft:killed":{"minecraft:zombie":1,"alexsmobs:toucan":1},"minecraft:mined":{"minecraft:lapis_ore":4,"minecraft:stone":11,"minecraft:cave_vines_plant":1}},"DataVersion":3465}