{"stats":{"minecraft:used":{"scguns:locust":12,"scguns:rat_king_and_queen":5,"minecraft:iron_shovel":1,"scguns:gattaler":11,"scguns:whispers":5,"minecraft:dirt":26,"tetra:modular_sword":59,"scguns:pyroclastic_flow":1,"scguns:earths_corpse":11,"scguns:dozier_rl":2,"scguns:dark_matter":14,"scguns:newborn_cyst":2,"minecraft:lantern":3,"minecraft:iron_axe":36,"scguns:saketini":8,"scguns:astella":5,"scguns:sculk_resonator":3,"scguns:echoes_2":3,"minecraft:diamond_pickaxe":72,"minecraft:apple":4,"scguns:marlin":137,"minecraft:bread":23,"minecraft:melon_slice":17,"minecraft:string":2,"scguns:blasphemy":5,"minecraft:cobblestone":11,"scguns:thunderhead":4,"minecraft:pumpkin_pie":9,"scguns:laser_musket":1,"supplementaries:soap":1},"minecraft:picked_up":{"minecraft:charcoal":2,"illagerinvasion:platinum_chunk":4,"minecraft:anvil":1,"enemyexpansion:wasp_thorax":1,"minecraft:string":4,"minecraft:dead_tube_coral_block":1,"minecraft:iron_axe":1,"delightful:acorn":2,"minecraft:iron_nugget":24,"minecraft:light_gray_wool":1,"minecraft:coal_block":1,"minecraft:raw_iron":15,"minecraft:stick":1,"minecraft:raw_gold_block":1,"miners_delight:silverfish_eggs":4,"minecraft:arrow":8,"minecraft:rotten_flesh":3,"minecraft:pumpkin_pie":1,"supplementaries:ash":9,"minecraft:rail":4,"minecraft:cobblestone":18,"minecraft:feather":1,"minecraft:andesite":1,"minecraft:potato":9,"scguns:medium_copper_casing":2,"minecraft:lapis_lazuli":27,"minecraft:dirt":1,"minecraft:paper":1,"minecraft:lantern":3,"minecraft:white_banner":3,"minecraft:bone":10,"scguns:medium_brass_casing":36,"minecraft:bow":1,"minecraft:wheat_seeds":2,"minecraft:book":29,"minecraft:emerald_block":1,"minecraft:stone_brick_slab":1,"minecraft:raw_iron_block":3,"minecraft:spruce_log":20,"minecraft:loom":2,"minecraft:jungle_slab":1,"minecraft:barrel":1,"minecraft:crossbow":1,"minecraft:spruce_sign":10,"minecraft:emerald":11,"minecraft:lodestone":1,"minecraft:oak_sapling":7,"minecraft:coal":9},"minecraft:custom":{"enigmaticlegacy:play_time_with_seven_curses":0,"minecraft:mob_kills":84,"minecraft:open_barrel":11,"minecraft:time_since_death":57377,"minecraft:climb_one_cm":417,"minecraft:damage_resisted":16,"minecraft:sprint_one_cm":86863,"minecraft:walk_one_cm":173120,"minecraft:drop":43,"minecraft:talked_to_villager":2,"minecraft:play_time":65572,"minecraft:deaths":1,"minecraft:sneak_time":1599,"minecraft:walk_under_water_one_cm":10318,"minecraft:jump":727,"minecraft:walk_on_water_one_cm":9000,"minecraft:total_world_time":65572,"enigmaticlegacy:play_time_without_seven_curses":304431,"minecraft:raid_trigger":1,"minecraft:sleep_in_bed":4,"minecraft:time_since_rest":8619,"minecraft:damage_taken":1923,"minecraft:trigger_trapped_chest":2,"minecraft:damage_dealt":8253,"minecraft:swim_one_cm":26741,"minecraft:fly_one_cm":295632,"minecraft:open_chest":23,"minecraft:crouch_one_cm":7786,"minecraft:inspect_dispenser":1,"minecraft:fall_one_cm":130099},"minecraft:killed":{"illagerinvasion:archivist":2,"raided:electromancer":3,"minecraft:cave_spider":1,"minecraft:witch":1,"minecraft:spider":3,"minecraft:vindicator":5,"illagerinvasion:marauder":3,"enemyexpansion:direwolf":3,"illagerinvasion:basher":4,"minecraft:skeleton":9,"scguns:redcoat":1,"takesapillage:clay_golem":1,"illagerinvasion:provoker":1,"minecraft:silverfish":2,"minecraft:zombie_villager":1,"takesapillage:skirmisher":1,"minecraft:wandering_trader":1,"illagerinvasion:alchemist":1,"minecraft:ravager":1,"minecraft:creeper":1,"raided:necromancer":1,"minecraft:pillager":22,"minecraft:zombie":5,"alexsmobs:toucan":1,"takesapillage:archer":2,"raided:inquisitor":3,"minecraft:villager":2,"enemyexpansion:wasp":2},"minecraft:mined":{"minecraft:jungle_slab":1,"minecraft:cave_vines_plant":1,"minecraft:dead_tube_coral_block":1,"minecraft:infested_cobblestone":2,"minecraft:coal_block":1,"minecraft:spawner":5,"minecraft:raw_iron_block":3,"minecraft:raw_gold_block":1,"minecraft:iron_ore":15,"minecraft:barrel":1,"minecraft:andesite":1,"minecraft:anvil":1,"create:oak_window_pane":3,"minecraft:bookshelf":9,"biomesoplenty:spider_egg":1,"minecraft:stone":19,"minecraft:tripwire":5,"minecraft:stone_brick_slab":1,"minecraft:campfire":1,"minecraft:mushroom_stem":2,"minecraft:cobblestone":2,"minecraft:lapis_ore":4,"minecraft:spruce_log":20,"minecraft:light_gray_wool":1,"minecraft:grass":4,"minecraft:coal_ore":9,"minecraft:loom":2,"biomesoplenty:stringy_cobweb":1,"minecraft:lodestone":1,"minecraft:oak_leaves":13,"minecraft:emerald_block":1,"minecraft:fern":1},"minecraft:dropped":{"minecraft:spruce_sign":10,"scguns:thunderhead":1,"scguns:blasphemy":1,"minecraft:wheat_seeds":2,"scguns:pyroclastic_flow":1,"minecraft:loom":2,"minecraft:crossbow":1,"minecraft:cobblestone":5,"scguns:dozier_rl":1,"scguns:medium_copper_casing":2,"minecraft:rail":4,"minecraft:stick":1,"minecraft:dirt":1,"scguns:long_scope":1,"delightful:acorn":2,"minecraft:white_banner":2,"minecraft:rotten_flesh":3,"minecraft:light_gray_wool":1,"enigmaticlegacy:tattered_tome":1,"alexsmobs:ancient_dart":2,"supplementaries:bamboo_spikes_tipped":1,"supplementaries:soap":7,"scguns:medium_scope":1,"scguns:standard_copper_round":751,"supplementaries:ash":12,"scguns:gattaler":1,"minecraft:andesite":1,"minecraft:barrel":1,"minecraft:dead_tube_coral_block":1},"minecraft:crafted":{"minecraft:raw_iron":27,"minecraft:coal":9,"minecraft:diamond_boots":1}},"DataVersion":3465}