{"stats":{"minecraft:crafted":{"minecraft:oak_planks":4,"blue_skies:blue_journal":1,"minecraft:crafting_table":2,"minecraft:spruce_planks":80,"minecraft:baked_potato":27,"sophisticatedbackpacks:diamond_backpack":1,"minecraft:iron_ingot":25,"minecraft:gold_ingot":2,"minecraft:raw_iron":27,"minecraft:redstone":9,"minecraft:coal":9,"minecraft:diamond_boots":1,"sophisticatedbackpacks:gold_backpack":1,"minecraft:air":0},"minecraft:broken":{"thinair:respirator":1},"minecraft:killed_by":{"alexscaves:gum_worm":1},"minecraft:used":{"scguns:locust":12,"minecraft:iron_shovel":13,"minecraft:dispenser":1,"scguns:gattaler":11,"scguns:pyroclastic_flow":1,"scguns:earths_corpse":11,"minecraft:cracked_deepslate_tiles":1,"scguns:dozier_rl":2,"minecraft:lantern":3,"supplementaries:ash":7,"scguns:saketini":8,"quark:dark_oak_ladder":1,"alexscaves:purple_soda_bottle":2,"alexscaves:hot_chocolate_bottle":2,"minecraft:dark_oak_log":1,"scguns:marlin":230,"minecraft:melon_slice":17,"minecraft:bread":60,"minecraft:string":2,"alexscaves:chocolate_ice_cream_scoop":1,"scguns:blasphemy":5,"scguns:thunderhead":4,"minecraft:smooth_stone_slab":1,"supplementaries:soap":1,"scguns:rat_king_and_queen":5,"minecraft:iron_bars":2,"minecraft:spruce_planks":1,"scguns:whispers":5,"minecraft:dirt":26,"tetra:modular_sword":117,"scguns:dark_matter":14,"scguns:newborn_cyst":2,"minecraft:iron_axe":46,"minecraft:cooked_mutton":3,"minecraft:lodestone":1,"minecraft:baked_potato":9,"scguns:astella":5,"minecraft:crafting_table":2,"scguns:sculk_resonator":3,"scguns:echoes_2":3,"minecraft:diamond_pickaxe":625,"minecraft:apple":11,"create:andesite_ladder":4,"minecraft:cobblestone":11,"alexscaves:cake_layer":12,"minecraft:cooked_porkchop":4,"minecraft:pumpkin_pie":9,"minecraft:wither_rose":1,"scguns:laser_musket":1},"minecraft:killed":{"illagerinvasion:archivist":2,"scguns:swarm":1,"minecraft:cave_spider":4,"alexscaves:boundroid":1,"minecraft:witch":2,"minecraft:spider":4,"illagerinvasion:basher":4,"minecraft:skeleton":17,"illagerinvasion:provoker":1,"minecraft:silverfish":2,"alexscaves:teletor":2,"alexscaves:notor":1,"minecraft:pig":3,"minecraft:zombie_villager":1,"illagerinvasion:alchemist":1,"minecraft:creeper":4,"minecraft:sheep":3,"minecraft:pillager":34,"alexscaves:caniac":4,"alexscaves:licowitch":1,"minecraft:zombie":27,"alexsmobs:toucan":1,"enemyexpansion:botfly":5,"takesapillage:archer":2,"raided:inquisitor":3,"enemyexpansion:wasp":2,"alexscaves:gumbeeper":3,"raided:electromancer":3,"minecraft:vindicator":6,"illagerinvasion:marauder":3,"enemyexpansion:direwolf":5,"scguns:redcoat":1,"takesapillage:clay_golem":1,"blue_skies:gatekeeper":1,"takesapillage:skirmisher":1,"enemyexpansion:sprinter":1,"minecraft:wandering_trader":1,"minecraft:ravager":1,"raided:necromancer":1,"alexscaves:magnetron":2,"enemyexpansion:huntsman":1,"minecraft:villager":5,"minecraft:enderman":1},"minecraft:dropped":{"minecraft:spruce_sign":10,"scguns:blasphemy":1,"scguns:pyroclastic_flow":1,"minecraft:loom":2,"minecraft:cooked_porkchop":1,"minecraft:crossbow":1,"improvableskills:parchment_fragment":2,"scguns:dozier_rl":1,"scguns:medium_copper_casing":6,"minecraft:rail":4,"minecraft:leather_helmet":1,"alexscaves:peppermint_powder":3,"minecraft:dirt":1,"minecraft:packed_mud":3,"create:fluid_pipe":5,"minecraft:dispenser":1,"minecraft:gold_nugget":2,"minecraft:gold_ingot":13,"minecraft:bone":6,"minecraft:compass":2,"minecraft:lever":1,"create:andesite_bars":1,"minecraft:iron_nugget":5,"alexscaves:cave_tablet":12,"miners_delight:silverfish_eggs":4,"minecraft:rotten_flesh":35,"minecraft:oak_planks":6,"enigmaticlegacy:tattered_tome":1,"supplementaries:soap":7,"scguns:standard_copper_round":751,"supplementaries:ash":15,"minecraft:leather_boots":1,"minecraft:iron_bars":2,"create:andesite_pillar":1,"minecraft:arrow":21,"minecraft:stone_brick_stairs":1,"minecraft:dead_tube_coral_block":1,"create:polished_cut_dripstone":1,"scguns:thunderhead":1,"minecraft:wheat_seeds":2,"minecraft:clock":1,"minecraft:feather":4,"minecraft:cobblestone":5,"minecraft:book":3,"minecraft:grass_block":2,"minecraft:coal":8,"minecraft:stick":1,"minecraft:diamond_horse_armor":1,"create:andesite_ladder":12,"minecraft:map":1,"scguns:long_scope":1,"enemyexpansion:wasp_thorax":1,"minecraft:brown_terracotta":1,"delightful:acorn":2,"minecraft:white_banner":2,"minecraft:chipped_anvil":1,"minecraft:stone_brick_slab":2,"minecraft:stone_sword":1,"minecraft:light_gray_wool":4,"alexsmobs:ancient_dart":2,"enigmaticlegacy:iron_ring":2,"supplementaries:bamboo_spikes_tipped":1,"scguns:medium_scope":1,"create:cut_dripstone":2,"alexscaves:sharpened_candy_cane":1,"scguns:gattaler":1,"scguns:medium_brass_casing":43,"minecraft:spruce_planks":11,"minecraft:andesite":9,"minecraft:barrel":1,"minecraft:bow":1,"minecraft:black_wool":3},"minecraft:custom":{"enigmaticlegacy:play_time_with_seven_curses":0,"minecraft:interact_with_crafting_table":4,"minecraft:open_barrel":19,"minecraft:leave_game":1,"minecraft:time_since_death":20231,"minecraft:damage_resisted":16,"minecraft:sprint_one_cm":223524,"minecraft:drop":112,"minecraft:talked_to_villager":5,"minecraft:play_time":154816,"minecraft:deaths":3,"minecraft:jump":1804,"minecraft:walk_on_water_one_cm":23056,"minecraft:interact_with_furnace":12,"minecraft:traded_with_villager":1,"minecraft:sleep_in_bed":4,"minecraft:damage_dealt":19122,"minecraft:crouch_one_cm":35886,"minecraft:interact_with_smoker":6,"minecraft:inspect_dispenser":1,"minecraft:mob_kills":170,"minecraft:climb_one_cm":1995,"minecraft:walk_one_cm":488760,"minecraft:sneak_time":6111,"minecraft:walk_under_water_one_cm":13351,"minecraft:total_world_time":154816,"enigmaticlegacy:play_time_without_seven_curses":393500,"minecraft:raid_trigger":1,"minecraft:pot_flower":1,"minecraft:interact_with_stonecutter":1,"minecraft:time_since_rest":20315,"minecraft:damage_taken":4081,"minecraft:trigger_trapped_chest":3,"minecraft:swim_one_cm":34153,"minecraft:fly_one_cm":1091027,"minecraft:open_chest":40,"minecraft:fall_one_cm":377905},"minecraft:picked_up":{"illagerinvasion:platinum_chunk":4,"minecraft:anvil":1,"create:spout":2,"alexscaves:cave_tablet":12,"enemyexpansion:wasp_thorax":1,"minecraft:wither_rose":1,"create:wooden_bracket":1,"minecraft:string":6,"minecraft:dead_tube_coral_block":1,"minecraft:smooth_stone_slab":1,"alexscaves:scrap_metal_plate":1,"minecraft:shroomlight":2,"create:andesite_funnel":2,"create:water_wheel":2,"create:mechanical_press":1,"minecraft:smooth_stone":1,"minecraft:bucket":1,"delightful:acorn":2,"minecraft:spruce_planks":11,"minecraft:written_book":1,"tetra:modular_sword":2,"minecraft:coal_block":1,"yungscavebiomes:icicle":2,"minecraft:stick":1,"minecraft:brown_terracotta":1,"miners_delight:silverfish_eggs":4,"alexscaves:raw_azure_neodymium":24,"create:andesite_casing":19,"create:large_cogwheel":1,"minecraft:stone_sword":1,"minecraft:rotten_flesh":25,"create:track":3,"create:mechanical_arm":2,"supplementaries:ash":22,"minecraft:deepslate_brick_stairs":1,"minecraft:iron_bars":4,"minecraft:cobblestone":18,"minecraft:feather":1,"create:fluid_tank":2,"minecraft:andesite":1,"minecraft:smoker":1,"minecraft:potato":9,"create:belt_connector":1,"scguns:medium_copper_casing":2,"minecraft:lapis_lazuli":27,"minecraft:dirt":1,"minecraft:lantern":3,"alexscaves:galena":24,"minecraft:name_tag":2,"minecraft:leather_boots":1,"minecraft:bone":16,"minecraft:bow":1,"minecraft:wheat_seeds":2,"create:shaft":11,"create:fluid_valve":3,"minecraft:oak_planks":3,"minecraft:cooked_porkchop":5,"create:cogwheel":2,"minecraft:dropper":60,"quark:dark_oak_ladder":1,"create:smart_fluid_pipe":1,"create:steam_whistle":9,"minecraft:dark_oak_log":1,"minecraft:loom":2,"minecraft:grass_block":2,"minecraft:oxidized_cut_copper_slab":1,"minecraft:jungle_slab":1,"minecraft:barrel":1,"minecraft:dispenser":6,"minecraft:lever":1,"alexscaves:sharpened_candy_cane":1,"minecraft:crossbow":3,"alexscaves:heart_of_iron":2,"minecraft:spruce_sign":10,"minecraft:emerald":14,"minecraft:oak_sapling":7,"create:copper_valve_handle":4,"minecraft:diamond_pickaxe":2,"alexscaves:raw_scarlet_neodymium":40,"minecraft:charcoal":2,"alexscaves:cake_layer":12,"alexscaves:chocolate_ice_cream_scoop":1,"minecraft:diamond_horse_armor":1,"create:schematic_table":1,"alexscaves:peppermint_powder":3,"alexscaves:gumball_pile":2,"create:fluid_pipe":16,"minecraft:iron_axe":2,"minecraft:iron_shovel":1,"minecraft:compass":1,"create:chute":4,"improvableskills:scroll_normal":1,"minecraft:iron_nugget":24,"minecraft:light_gray_wool":4,"minecraft:raw_iron":31,"minecraft:raw_gold_block":1,"create:hand_crank":1,"create:vertical_gearbox":1,"minecraft:tnt":2,"create:small_tuff_brick_stairs":1,"minecraft:arrow":15,"minecraft:pumpkin_pie":1,"create:depot":2,"minecraft:gold_ingot":13,"minecraft:skeleton_skull":1,"minecraft:rail":4,"minecraft:cracked_deepslate_tiles":2,"scguns:marlin":2,"minecraft:air":0,"minecraft:glow_ink_sac":1,"minecraft:packed_mud":3,"create:cut_dripstone":2,"minecraft:oak_log":1,"minecraft:paper":1,"create:item_vault":36,"minecraft:white_banner":3,"minecraft:cooked_mutton":3,"scguns:medium_brass_casing":55,"minecraft:rabbit_hide":7,"create:metal_girder":1,"alexscaves:candy_cane":3,"minecraft:book":32,"create:large_water_wheel":3,"minecraft:emerald_block":1,"minecraft:stone_brick_slab":2,"minecraft:raw_iron_block":3,"minecraft:spruce_log":20,"minecraft:spider_eye":1,"create:gearbox":1,"minecraft:leather_helmet":1,"create:millstone":1,"create:smart_chute":3,"create:mechanical_pump":4,"minecraft:cherry_sapling":1,"alexscaves:azure_neodymium_pillar":26,"alexscaves:scarlet_neodymium_pillar":31,"create:portable_storage_interface":1,"minecraft:lodestone":1,"minecraft:damaged_anvil":1,"create:polished_cut_dripstone":1,"minecraft:black_wool":3,"minecraft:coal":17,"create:andesite_ladder":16,"minecraft:ender_pearl":1},"minecraft:mined":{"minecraft:jungle_slab":1,"create:andesite_casing":19,"alexscaves:azure_neodymium_pillar":23,"minecraft:spruce_trapdoor":1,"minecraft:cave_vines_plant":1,"minecraft:dead_tube_coral_block":1,"minecraft:infested_cobblestone":2,"alexscaves:chiseled_candy_cane_block":3,"create:andesite_ladder":1,"minecraft:coal_block":1,"create:item_vault":52,"create:belt":9,"minecraft:spawner":8,"minecraft:smooth_stone":1,"minecraft:raw_iron_block":3,"create:small_tuff_brick_stairs":1,"minecraft:iron_ore":15,"minecraft:barrel":1,"create:encased_fluid_pipe":2,"minecraft:anvil":1,"create:oak_window_pane":3,"alexscaves:scarlet_neodymium_node":5,"minecraft:iron_bars":2,"supplementaries:jar":1,"minecraft:deepslate_brick_stairs":1,"create:mechanical_press":1,"minecraft:tripwire":5,"minecraft:waxed_cut_copper_stairs":2,"create:lit_blaze_burner":1,"create:cogwheel":27,"create:radial_chassis":2,"quark:dark_oak_ladder":1,"minecraft:smoker":1,"create:steam_whistle_extension":1,"create:fluid_valve":3,"alexscaves:energized_galena_neutral":1,"alexscaves:energized_galena_scarlet":2,"minecraft:mushroom_stem":2,"minecraft:cobblestone":2,"create:copper_valve_handle":1,"minecraft:damaged_anvil":1,"minecraft:cauldron":1,"create:large_water_wheel":1,"alexscaves:cake_layer":12,"create:basin":1,"minecraft:chain":1,"create:andesite_belt_funnel":1,"create:portable_storage_interface":1,"create:flywheel":5,"create:rope_pulley":1,"create:copycat_panel":1,"create:mechanical_mixer":1,"create:steam_whistle":4,"minecraft:smooth_stone_slab":1,"minecraft:light_gray_wool":1,"minecraft:tnt":1,"minecraft:stone_brick_stairs":1,"minecraft:wither_rose":1,"create:spout":2,"minecraft:grass":7,"minecraft:cracked_deepslate_tiles":1,"minecraft:oak_log":1,"create:hand_crank":2,"minecraft:loom":2,"create:andesite_pillar":1,"minecraft:dispenser":6,"create:clutch":1,"minecraft:oak_leaves":13,"minecraft:emerald_block":4,"create:millstone":1,"minecraft:dark_oak_log":1,"create:fluid_tank":5,"minecraft:gray_stained_glass_pane":1,"create:large_cogwheel":15,"create:depot":2,"create:mechanical_arm":2,"supplementaries:faucet":1,"alexscaves:galena":2,"create:polished_cut_dripstone":1,"create:shaft":77,"minecraft:packed_mud":5,"minecraft:raw_gold_block":1,"alexscaves:energized_galena_azure":5,"create:white_sail":4,"minecraft:andesite":1,"alexscaves:heart_of_iron":2,"create_easy_structures:destroyedtrack_3":2,"minecraft:bookshelf":9,"minecraft:shroomlight":2,"create:chute":26,"minecraft:oxidized_cut_copper_slab":1,"create:polished_cut_andesite":1,"biomesoplenty:spider_egg":1,"minecraft:stone":19,"alexscaves:azure_neodymium_node":1,"minecraft:stone_brick_slab":1,"create:track":3,"create:metal_girder":16,"create:fluid_pipe":37,"create:mechanical_pump":4,"minecraft:dropper":60,"create:water_wheel":2,"minecraft:campfire":2,"minecraft:lapis_ore":4,"supplementaries:cage":6,"create:mechanical_saw":1,"create:water_wheel_structure":4,"create:schematic_table":2,"alexscaves:galena_iron_ore":17,"create:gearbox":3,"minecraft:sweet_berry_bush":1,"minecraft:spruce_log":20,"create_easy_structures:destroyedtrack_2":1,"create:cut_dripstone":2,"create_easy_structures:destroyedtrack_1":2,"minecraft:coal_ore":9,"create:mechanical_bearing":3,"create:smart_fluid_pipe":1,"create:smart_chute":4,"minecraft:lodestone":1,"biomesoplenty:stringy_cobweb":1,"minecraft:cobweb":3,"minecraft:brown_terracotta":1,"create:andesite_funnel":1,"create:andesite_encased_shaft":3,"alexscaves:scarlet_neodymium_pillar":23,"minecraft:fern":1,"alexscaves:scrap_metal_plate":1}},"DataVersion":3465}