{"stats":{"minecraft:used":{"scguns:locust":12,"scguns:rat_king_and_queen":5,"minecraft:iron_shovel":1,"scguns:gattaler":11,"scguns:whispers":5,"minecraft:dirt":26,"scguns:astella":5,"scguns:pyroclastic_flow":1,"tetra:modular_sword":21,"scguns:earths_corpse":11,"scguns:sculk_resonator":3,"scguns:dozier_rl":2,"scguns:dark_matter":14,"scguns:echoes_2":3,"minecraft:diamond_pickaxe":64,"scguns:newborn_cyst":2,"scguns:marlin":33,"minecraft:melon_slice":17,"minecraft:iron_axe":25,"minecraft:bread":16,"minecraft:string":2,"scguns:blasphemy":5,"minecraft:cobblestone":11,"scguns:thunderhead":4,"scguns:laser_musket":1,"minecraft:pumpkin_pie":5,"supplementaries:soap":1,"scguns:saketini":8},"minecraft:picked_up":{"minecraft:charcoal":2,"minecraft:feather":1,"illagerinvasion:platinum_chunk":2,"minecraft:andesite":1,"minecraft:potato":9,"scguns:medium_copper_casing":2,"minecraft:white_banner":1,"minecraft:dead_tube_coral_block":1,"minecraft:lapis_lazuli":27,"minecraft:dirt":1,"minecraft:string":4,"minecraft:lantern":3,"minecraft:bone":4,"minecraft:wheat_seeds":2,"minecraft:iron_nugget":6,"minecraft:light_gray_wool":1,"minecraft:coal_block":1,"minecraft:raw_iron":15,"minecraft:emerald_block":1,"minecraft:raw_gold_block":1,"miners_delight:silverfish_eggs":4,"minecraft:raw_iron_block":3,"minecraft:spruce_log":20,"minecraft:jungle_slab":1,"minecraft:barrel":1,"minecraft:arrow":2,"minecraft:rotten_flesh":3,"minecraft:pumpkin_pie":1,"minecraft:emerald":3,"minecraft:spruce_sign":10,"supplementaries:ash":1,"minecraft:coal":9,"minecraft:rail":4,"minecraft:cobblestone":18},"minecraft:custom":{"enigmaticlegacy:play_time_with_seven_curses":0,"minecraft:mob_kills":36,"enigmaticlegacy:play_time_without_seven_curses":280431,"minecraft:open_barrel":9,"minecraft:raid_trigger":1,"minecraft:time_since_death":33377,"minecraft:sleep_in_bed":3,"minecraft:climb_one_cm":417,"minecraft:damage_resisted":6,"minecraft:time_since_rest":731,"minecraft:sprint_one_cm":54842,"minecraft:damage_taken":1352,"minecraft:walk_one_cm":94965,"minecraft:trigger_trapped_chest":2,"minecraft:drop":36,"minecraft:damage_dealt":3832,"minecraft:swim_one_cm":19713,"minecraft:talked_to_villager":2,"minecraft:fly_one_cm":165644,"minecraft:open_chest":16,"minecraft:crouch_one_cm":7668,"minecraft:play_time":41572,"minecraft:deaths":1,"minecraft:sneak_time":1411,"minecraft:walk_under_water_one_cm":1688,"minecraft:jump":422,"minecraft:walk_on_water_one_cm":3758,"minecraft:total_world_time":41572,"minecraft:fall_one_cm":77144,"minecraft:inspect_dispenser":1},"minecraft:killed":{"illagerinvasion:archivist":1,"raided:electromancer":1,"minecraft:cave_spider":1,"minecraft:zombie_villager":1,"minecraft:spider":2,"illagerinvasion:marauder":1,"minecraft:wandering_trader":1,"illagerinvasion:basher":1,"minecraft:skeleton":1,"minecraft:pillager":13,"minecraft:zombie":5,"takesapillage:clay_golem":1,"alexsmobs:toucan":1,"illagerinvasion:provoker":1,"minecraft:silverfish":2,"takesapillage:archer":1,"minecraft:villager":1},"minecraft:mined":{"minecraft:jungle_slab":1,"minecraft:cave_vines_plant":1,"minecraft:dead_tube_coral_block":1,"minecraft:infested_cobblestone":2,"minecraft:campfire":1,"minecraft:mushroom_stem":2,"minecraft:cobblestone":2,"minecraft:coal_block":1,"minecraft:lapis_ore":4,"minecraft:raw_iron_block":3,"minecraft:raw_gold_block":1,"minecraft:iron_ore":15,"minecraft:barrel":1,"minecraft:spruce_log":20,"minecraft:andesite":1,"minecraft:light_gray_wool":1,"create:oak_window_pane":3,"minecraft:grass":4,"minecraft:coal_ore":9,"biomesoplenty:stringy_cobweb":1,"minecraft:stone":19,"biomesoplenty:spider_egg":1,"minecraft:emerald_block":1,"minecraft:tripwire":5},"minecraft:dropped":{"minecraft:spruce_sign":10,"scguns:thunderhead":1,"scguns:blasphemy":1,"minecraft:wheat_seeds":1,"scguns:pyroclastic_flow":1,"minecraft:cobblestone":5,"minecraft:rotten_flesh":3,"minecraft:light_gray_wool":1,"alexsmobs:ancient_dart":2,"scguns:dozier_rl":1,"scguns:medium_copper_casing":2,"minecraft:rail":4,"supplementaries:bamboo_spikes_tipped":1,"supplementaries:soap":7,"scguns:medium_scope":1,"scguns:standard_copper_round":751,"minecraft:dirt":1,"supplementaries:ash":12,"scguns:gattaler":1,"minecraft:andesite":1,"scguns:long_scope":1,"minecraft:barrel":1,"minecraft:dead_tube_coral_block":1}},"DataVersion":3465}