{
  "comforts:sleeping_bag_light_blue": {
    "criteria": {
      "has_the_recipe": "2024-10-30 03:46:06 +0000"
    },
    "done": true
  },
  "enigmaticlegacy:book/misc/cosmic_cake": {
    "criteria": {
      "has_the_recipe": "2024-10-30 03:46:06 +0000"
    },
    "done": true
  },
  "create_enchantment_industry:experienced_engineer": {
    "criteria": {
      "have_experience_nugget": "2024-10-30 03:50:22 +0000"
    },
    "done": true
  },
  "enigmaticlegacy:book/accessories/enigmatic_elytra": {
    "criteria": {
      "has_the_recipe": "2024-10-30 03:46:06 +0000"
    },
    "done": true
  },
  "enigmaticlegacy:book/misc/mega_sponge": {
    "criteria": {
      "has_the_recipe": "2024-10-30 03:46:06 +0000"
    },
    "done": true
  },
  "enigmaticlegacy:book/misc/hunter_guidebook": {
    "criteria": {
      "has_the_recipe": "2024-10-30 03:46:06 +0000"
    },
    "done": true
  },
  "comforts:hammock_purple": {
    "criteria": {
      "has_the_recipe": "2024-10-30 03:46:06 +0000"
    },
    "done": true
  },
  "comforts:sleeping_bag_pink": {
    "criteria": {
      "has_the_recipe": "2024-10-30 03:46:06 +0000"
    },
    "done": true
  },
  "comforts:hammock_magenta": {
    "criteria": {
      "has_the_recipe": "2024-10-30 03:46:06 +0000"
    },
    "done": true
  },
  "cold_sweat:recipes/goat_armor": {
    "criteria": {
      "has_chest_recipe": "2024-10-30 03:46:06 +0000"
    },
    "done": true
  },
  "idas:idas_root": {
    "criteria": {
      "always": "2024-10-30 03:46:06 +0000"
    },
    "done": true
  },
  "takesapillage:root": {
    "criteria": {
      "always": "2024-10-30 03:46:06 +0000"
    },
    "done": true
  },
  "minecraft:story/obtain_armor": {
    "criteria": {
      "iron_chestplate": "2024-10-30 03:47:24 +0000"
    },
    "done": true
  },
  "enigmaticlegacy:book/accessories/escape_scroll": {
    "criteria": {
      "has_the_recipe": "2024-10-30 03:46:06 +0000"
    },
    "done": true
  },
  "enigmaticlegacy:book/accessories/iron_ring": {
    "criteria": {
      "has_the_recipe": "2024-10-30 03:46:06 +0000"
    },
    "done": true
  },
  "morevillagers:root": {
    "criteria": {
      "always": "2024-10-30 03:46:06 +0000"
    },
    "done": true
  },
  "enigmaticlegacy:book/materials/cosmic_heart": {
    "criteria": {
      "has_the_recipe": "2024-10-30 03:46:06 +0000"
    },
    "done": true
  },
  "comforts:hammock_red": {
    "criteria": {
      "has_the_recipe": "2024-10-30 03:46:06 +0000"
    },
    "done": true
  },
  "enigmaticlegacy:book/misc/enchantment_transposer": {
    "criteria": {
      "has_the_recipe": "2024-10-30 03:46:06 +0000"
    },
    "done": true
  },
  "thinair:protection_from_yellow": {
    "criteria": {
      "protecc": "2024-10-30 03:48:49 +0000"
    },
    "done": true
  },
  "enigmaticaddons:book/accessories/earth_promise": {
    "criteria": {
      "has_the_recipe": "2024-10-30 03:46:06 +0000"
    },
    "done": true
  },
  "create:andesite_alloy": {
    "criteria": {
      "0": "2024-10-30 03:47:37 +0000"
    },
    "done": true
  },
  "enigmaticaddons:book/misc/ichoroot": {
    "criteria": {
      "has_the_recipe": "2024-10-30 03:46:06 +0000"
    },
    "done": true
  },
  "betterend:root": {
    "criteria": {
      "welcome": "2024-10-30 03:46:21 +0000"
    },
    "done": true
  },
  "comforts:sleeping_bag_white": {
    "criteria": {
      "has_the_recipe": "2024-10-30 03:46:06 +0000"
    },
    "done": true
  },
  "cold_sweat:recipes/hoglin_armor": {
    "criteria": {
      "has_helm_recipe": "2024-10-30 03:46:06 +0000"
    },
    "done": true
  },
  "comforts:sleeping_bag_gray": {
    "criteria": {
      "has_the_recipe": "2024-10-30 03:46:06 +0000"
    },
    "done": true
  },
  "enigmaticlegacy:book/tools/ender_slayer": {
    "criteria": {
      "has_the_recipe": "2024-10-30 03:46:06 +0000"
    },
    "done": true
  },
  "tetra:recipes/string": {
    "criteria": {
      "got_string": "2024-10-30 03:48:57 +0000"
    },
    "done": true
  },
  "comforts:rope_and_nail": {
    "criteria": {
      "has_the_recipe": "2024-10-30 03:46:06 +0000"
    },
    "done": true
  },
  "enigmaticaddons:book/accessories/thunder_scroll": {
    "criteria": {
      "has_the_recipe": "2024-10-30 03:46:06 +0000"
    },
    "done": true
  },
  "enigmaticaddons:book/misc/false_justice": {
    "criteria": {
      "has_the_recipe": "2024-10-30 03:46:06 +0000"
    },
    "done": true
  },
  "toms_storage:unlock_glowstone": {
    "criteria": {
      "inv_changed-glowstone": "2024-10-30 03:47:20 +0000"
    },
    "done": true
  },
  "enigmaticlegacy:book/accessories/ender_ring": {
    "criteria": {
      "has_the_recipe": "2024-10-30 03:46:06 +0000"
    },
    "done": true
  },
  "enigmaticlegacy:book/misc/infinimeal": {
    "criteria": {
      "has_the_recipe": "2024-10-30 03:46:06 +0000"
    },
    "done": true
  },
  "comforts:sleeping_bag_cyan": {
    "criteria": {
      "has_the_recipe": "2024-10-30 03:46:06 +0000"
    },
    "done": true
  },
  "enigmaticlegacy:book/misc/animal_guidebook": {
    "criteria": {
      "has_the_recipe": "2024-10-30 03:46:06 +0000"
    },
    "done": true
  },
  "enigmaticaddons:book/accessories/quartz_ring": {
    "criteria": {
      "has_the_recipe": "2024-10-30 03:46:06 +0000"
    },
    "done": true
  },
  "tetra:recipes/planks": {
    "criteria": {
      "got_wood": "2024-10-30 03:47:37 +0000"
    },
    "done": true
  },
  "scguns:main/cowboy/saketini": {
    "criteria": {
      "saketini": "2024-10-30 03:47:37 +0000"
    },
    "done": true
  },
  "enigmaticlegacy:book/misc/extradimensional_eye": {
    "criteria": {
      "has_the_recipe": "2024-10-30 03:46:06 +0000"
    },
    "done": true
  },
  "enigmaticlegacy:book/accessories/heaven_scroll": {
    "criteria": {
      "has_the_recipe": "2024-10-30 03:46:06 +0000"
    },
    "done": true
  },
  "enigmaticaddons:book/misc/bless_amplifier": {
    "criteria": {
      "has_the_recipe": "2024-10-30 03:46:06 +0000"
    },
    "done": true
  },
  "enigmaticlegacy:book/misc/end_anchor": {
    "criteria": {
      "has_the_recipe": "2024-10-30 03:46:06 +0000"
    },
    "done": true
  },
  "comforts:sleeping_bag_light_gray": {
    "criteria": {
      "has_the_recipe": "2024-10-30 03:46:06 +0000"
    },
    "done": true
  },
  "comforts:hammock_black": {
    "criteria": {
      "has_the_recipe": "2024-10-30 03:46:06 +0000"
    },
    "done": true
  },
  "enigmaticlegacy:book/misc/astral_potato": {
    "criteria": {
      "has_the_recipe": "2024-10-30 03:46:06 +0000"
    },
    "done": true
  },
  "cold_sweat:recipes/soulspring_lamp": {
    "criteria": {
      "has_recipe": "2024-10-30 03:46:06 +0000"
    },
    "done": true
  },
  "enigmaticaddons:book/materials/pure_heart": {
    "criteria": {
      "has_the_recipe": "2024-10-30 03:46:06 +0000"
    },
    "done": true
  },
  "enigmaticlegacy:book/accessories/magnet_ring": {
    "criteria": {
      "has_the_recipe": "2024-10-30 03:46:06 +0000"
    },
    "done": true
  },
  "enigmaticlegacy:book/misc/soul_compass": {
    "criteria": {
      "has_the_recipe": "2024-10-30 03:46:06 +0000"
    },
    "done": true
  },
  "create_connected:root": {
    "criteria": {
      "0": "2024-10-30 03:47:20 +0000"
    },
    "done": true
  },
  "enigmaticlegacy:book/misc/lore_inscriber": {
    "criteria": {
      "has_the_recipe": "2024-10-30 03:46:06 +0000"
    },
    "done": true
  },
  "minecraft:story/mine_stone": {
    "criteria": {
      "get_stone": "2024-10-30 03:47:20 +0000"
    },
    "done": true
  },
  "friendsandfoes:misc/yellow_dye_from_buttercup": {
    "criteria": {
      "has_the_recipe": "2024-10-30 03:46:06 +0000"
    },
    "done": true
  },
  "farmersdelight:main/root": {
    "criteria": {
      "seeds": "2024-10-30 03:47:20 +0000"
    },
    "done": true
  },
  "yungscavebiomes:root": {
    "criteria": {
      "always": "2024-10-30 03:46:06 +0000"
    },
    "done": true
  },
  "create:root": {
    "criteria": {
      "0": "2024-10-30 03:47:20 +0000"
    },
    "done": true
  },
  "naturescompass:natures_compass_log": {
    "criteria": {
      "has_recipe": "2024-10-30 03:46:06 +0000"
    },
    "done": true
  },
  "comforts:hammock_gray": {
    "criteria": {
      "has_the_recipe": "2024-10-30 03:46:06 +0000"
    },
    "done": true
  },
  "scguns:main/root": {
    "criteria": {
      "gun": "2024-10-30 03:47:20 +0000"
    },
    "done": true
  },
  "cold_sweat:root": {
    "criteria": {
      "requirement": "2024-10-30 03:46:06 +0000"
    },
    "done": true
  },
  "comforts:hammock_cyan": {
    "criteria": {
      "has_the_recipe": "2024-10-30 03:46:06 +0000"
    },
    "done": true
  },
  "comforts:sleeping_bag_purple": {
    "criteria": {
      "has_the_recipe": "2024-10-30 03:46:06 +0000"
    },
    "done": true
  },
  "biomesoplenty:biomesoplenty/root": {
    "criteria": {
      "spider_nest": "2024-10-30 03:46:21 +0000"
    },
    "done": true
  },
  "comforts:sleeping_bag_green": {
    "criteria": {
      "has_the_recipe": "2024-10-30 03:46:06 +0000"
    },
    "done": true
  },
  "supplementaries:husbandry/soap": {
    "criteria": {
      "stew": "2024-10-30 03:50:28 +0000"
    },
    "done": true
  },
  "comforts:hammock_light_blue": {
    "criteria": {
      "has_the_recipe": "2024-10-30 03:46:06 +0000"
    },
    "done": true
  },
  "enigmaticlegacy:book/accessories/xp_scroll": {
    "criteria": {
      "has_the_recipe": "2024-10-30 03:46:06 +0000"
    },
    "done": true
  },
  "enigmaticlegacy:book/decorations/lamp": {
    "criteria": {
      "has_the_recipe": "2024-10-30 03:46:06 +0000"
    },
    "done": true
  },
  "immersive_aircraft:misc/aircraftery": {
    "criteria": {
      "has_item": "2024-10-30 03:47:37 +0000"
    },
    "done": true
  },
  "toms_storage:unlock_dia_pearl": {
    "criteria": {
      "inv_changed-ender_pearl": "2024-10-30 03:47:20 +0000",
      "inv_changed-diamond": "2024-10-30 03:47:20 +0000"
    },
    "done": true
  },
  "enigmaticlegacy:book/tools/infernal_shield": {
    "criteria": {
      "has_the_recipe": "2024-10-30 03:46:06 +0000"
    },
    "done": true
  },
  "comforts:sleeping_bag_magenta": {
    "criteria": {
      "has_the_recipe": "2024-10-30 03:46:06 +0000"
    },
    "done": true
  },
  "thinair:root": {
    "criteria": {
      "bad_air": "2024-10-30 03:48:49 +0000"
    },
    "done": true
  },
  "create_enchantment_industry:recipes/experience_rotor": {
    "criteria": {
      "has_item": "2024-10-30 03:50:22 +0000"
    },
    "done": true
  },
  "minecraft:story/smelt_iron": {
    "criteria": {
      "iron": "2024-10-30 03:47:37 +0000"
    },
    "done": true
  },
  "comforts:hammock_green": {
    "criteria": {
      "has_the_recipe": "2024-10-30 03:46:06 +0000"
    },
    "done": true
  },
  "repurposed_structures:root": {
    "criteria": {
      "always": "2024-10-30 03:46:06 +0000"
    },
    "done": true
  },
  "naturescompass:natures_compass": {
    "criteria": {
      "has_recipe": "2024-10-30 03:46:06 +0000"
    },
    "done": true
  },
  "enigmaticlegacy:book/tools/etherium_axe": {
    "criteria": {
      "has_the_recipe": "2024-10-30 03:46:06 +0000"
    },
    "done": true
  },
  "comforts:sleeping_bag_black": {
    "criteria": {
      "has_the_recipe": "2024-10-30 03:46:06 +0000"
    },
    "done": true
  },
  "minecraft:story/shiny_gear": {
    "criteria": {
      "diamond_boots": "2024-10-30 03:47:24 +0000"
    },
    "done": true
  },
  "enigmaticlegacy:book/accessories/fabulous_scroll": {
    "criteria": {
      "has_the_recipe": "2024-10-30 03:46:06 +0000"
    },
    "done": true
  },
  "enigmaticaddons:book/accessories/adventure_charm": {
    "criteria": {
      "has_the_recipe": "2024-10-30 03:46:06 +0000"
    },
    "done": true
  },
  "enigmaticlegacy:book/misc/twisted_mirror": {
    "criteria": {
      "has_the_recipe": "2024-10-30 03:46:06 +0000"
    },
    "done": true
  },
  "enigmaticlegacy:book/misc/mending_mixture": {
    "criteria": {
      "has_the_recipe": "2024-10-30 03:46:06 +0000"
    },
    "done": true
  },
  "enigmaticlegacy:book/decorations/shroomlamp": {
    "criteria": {
      "has_the_recipe": "2024-10-30 03:46:06 +0000"
    },
    "done": true
  },
  "comforts:hammock_lime": {
    "criteria": {
      "has_the_recipe": "2024-10-30 03:46:06 +0000"
    },
    "done": true
  },
  "naturescompass:natures_compass_sapling": {
    "criteria": {
      "has_recipe": "2024-10-30 03:46:06 +0000"
    },
    "done": true
  },
  "enigmaticlegacy:book/accessories/enchanter_pearl": {
    "criteria": {
      "has_the_recipe": "2024-10-30 03:46:06 +0000"
    },
    "done": true
  },
  "enigmaticlegacy:book/accessories/golden_ring": {
    "criteria": {
      "has_the_recipe": "2024-10-30 03:46:06 +0000"
    },
    "done": true
  },
  "comforts:sleeping_bag_red": {
    "criteria": {
      "has_the_recipe": "2024-10-30 03:46:06 +0000"
    },
    "done": true
  },
  "biomesoplenty:biomesoplenty/all_biomes": {
    "criteria": {
      "floodplain": "2024-10-30 03:48:37 +0000",
      "spider_nest": "2024-10-30 03:46:21 +0000",
      "rainforest": "2024-10-30 03:48:34 +0000"
    },
    "done": false
  },
  "comforts:sleeping_bag_orange": {
    "criteria": {
      "has_the_recipe": "2024-10-30 03:46:06 +0000"
    },
    "done": true
  },
  "minecraft:adventure/root": {
    "criteria": {
      "killed_something": "2024-10-30 03:47:26 +0000"
    },
    "done": true
  },
  "enigmaticlegacy:book/tools/etherium_sword": {
    "criteria": {
      "has_the_recipe": "2024-10-30 03:46:06 +0000"
    },
    "done": true
  },
  "scguns:main/gunpowder": {
    "criteria": {
      "gunpowder": "2024-10-30 03:47:37 +0000"
    },
    "done": true
  },
  "minecraft:adventure/kill_all_mobs": {
    "criteria": {
      "minecraft:zombie": "2024-10-30 03:47:26 +0000"
    },
    "done": false
  },
  "enigmaticlegacy:book/armor/etherium_armor": {
    "criteria": {
      "has_the_recipe1": "2024-10-30 03:46:06 +0000"
    },
    "done": true
  },
  "enigmaticlegacy:book/tools/forbidden_axe": {
    "criteria": {
      "has_the_recipe": "2024-10-30 03:46:06 +0000"
    },
    "done": true
  },
  "comforts:hammock_blue": {
    "criteria": {
      "has_the_recipe": "2024-10-30 03:46:06 +0000"
    },
    "done": true
  },
  "enigmaticaddons:book/accessories/night_scroll": {
    "criteria": {
      "has_the_recipe": "2024-10-30 03:46:06 +0000"
    },
    "done": true
  },
  "comforts:hammock_white": {
    "criteria": {
      "has_the_recipe": "2024-10-30 03:46:06 +0000"
    },
    "done": true
  },
  "cold_sweat:recipes/thermolith": {
    "criteria": {
      "has_recipe": "2024-10-30 03:46:06 +0000"
    },
    "done": true
  },
  "toms_storage:unlock_netherite": {
    "criteria": {
      "inv_changed-netherite": "2024-10-30 03:47:20 +0000"
    },
    "done": true
  },
  "enigmaticlegacy:book/tools/the_twist": {
    "criteria": {
      "has_the_recipe": "2024-10-30 03:46:06 +0000"
    },
    "done": true
  },
  "mowziesmobs:root": {
    "criteria": {
      "custom_test_name": "2024-10-30 03:46:06 +0000"
    },
    "done": true
  },
  "enigmaticlegacy:book/tools/etherium_scythe": {
    "criteria": {
      "has_the_recipe": "2024-10-30 03:46:06 +0000"
    },
    "done": true
  },
  "comforts:hammock_light_gray": {
    "criteria": {
      "has_the_recipe": "2024-10-30 03:46:06 +0000"
    },
    "done": true
  },
  "enigmaticlegacy:book/accessories/mining_charm": {
    "criteria": {
      "has_the_recipe": "2024-10-30 03:46:06 +0000"
    },
    "done": true
  },
  "comforts:sleeping_bag_brown": {
    "criteria": {
      "has_the_recipe": "2024-10-30 03:46:06 +0000"
    },
    "done": true
  },
  "betterdungeons:root": {
    "criteria": {
      "always": "2024-10-30 03:46:06 +0000"
    },
    "done": true
  },
  "minecraft:adventure/kill_a_mob": {
    "criteria": {
      "minecraft:zombie": "2024-10-30 03:47:26 +0000"
    },
    "done": true
  },
  "enigmaticlegacy:book/decorations/redstone_lantern": {
    "criteria": {
      "has_the_recipe": "2024-10-30 03:46:06 +0000"
    },
    "done": true
  },
  "comforts:hammock_pink": {
    "criteria": {
      "has_the_recipe": "2024-10-30 03:46:06 +0000"
    },
    "done": true
  },
  "enigmaticaddons:book/misc/ode_to_living": {
    "criteria": {
      "has_the_recipe": "2024-10-30 03:46:06 +0000"
    },
    "done": true
  },
  "comforts:hammock_brown": {
    "criteria": {
      "has_the_recipe": "2024-10-30 03:46:06 +0000"
    },
    "done": true
  },
  "enigmaticaddons:book/tools/dragon_bow": {
    "criteria": {
      "has_the_recipe": "2024-10-30 03:46:06 +0000"
    },
    "done": true
  },
  "enigmaticlegacy:book/tools/the_infinitum": {
    "criteria": {
      "has_the_recipe": "2024-10-30 03:46:06 +0000"
    },
    "done": true
  },
  "enigmaticaddons:book/misc/bless_stone": {
    "criteria": {
      "has_the_recipe": "2024-10-30 03:46:06 +0000"
    },
    "done": true
  },
  "comforts:sleeping_bag_lime": {
    "criteria": {
      "has_the_recipe": "2024-10-30 03:46:06 +0000"
    },
    "done": true
  },
  "enigmaticlegacy:book/tools/eldritch_pan": {
    "criteria": {
      "has_the_recipe": "2024-10-30 03:46:06 +0000"
    },
    "done": true
  },
  "enigmaticlegacy:book/accessories/super_magnet_ring": {
    "criteria": {
      "has_the_recipe": "2024-10-30 03:46:06 +0000"
    },
    "done": true
  },
  "comforts:hammock_yellow": {
    "criteria": {
      "has_the_recipe": "2024-10-30 03:46:06 +0000"
    },
    "done": true
  },
  "eeeabsmobs:eeeabsmobs/root": {
    "criteria": {
      "requirement": "2024-10-30 03:46:06 +0000"
    },
    "done": true
  },
  "enigmaticlegacy:book/accessories/arcane_scrolls": {
    "criteria": {
      "has_the_recipe": "2024-10-30 03:46:06 +0000"
    },
    "done": true
  },
  "minecraft:husbandry/balanced_diet": {
    "criteria": {
      "melon_slice": "2024-10-30 03:50:31 +0000"
    },
    "done": false
  },
  "cold_sweat:recipes/waterskin": {
    "criteria": {
      "has_recipe": "2024-10-30 03:46:06 +0000"
    },
    "done": true
  },
  "enigmaticlegacy:book/accessories/avarice_scroll": {
    "criteria": {
      "has_the_recipe": "2024-10-30 03:46:06 +0000"
    },
    "done": true
  },
  "enigmaticlegacy:book/tools/etherium_shovel": {
    "criteria": {
      "has_the_recipe": "2024-10-30 03:46:06 +0000"
    },
    "done": true
  },
  "comforts:sleeping_bag_blue": {
    "criteria": {
      "has_the_recipe": "2024-10-30 03:46:06 +0000"
    },
    "done": true
  },
  "minecraft:husbandry/root": {
    "criteria": {
      "consumed_item": "2024-10-30 03:50:28 +0000"
    },
    "done": true
  },
  "toms_storage:unlock_chest": {
    "criteria": {
      "inv_changed-chest": "2024-10-30 03:47:20 +0000"
    },
    "done": true
  },
  "betterdeserttemples:root": {
    "criteria": {
      "always": "2024-10-30 03:46:06 +0000"
    },
    "done": true
  },
  "minecraft:story/mine_diamond": {
    "criteria": {
      "diamond": "2024-10-30 03:47:37 +0000"
    },
    "done": true
  },
  "enigmaticlegacy:book/tools/etherium_pickaxe": {
    "criteria": {
      "has_the_recipe": "2024-10-30 03:46:06 +0000"
    },
    "done": true
  },
  "enigmaticaddons:book/accessories/cursed_xp_scroll": {
    "criteria": {
      "has_the_recipe": "2024-10-30 03:46:06 +0000"
    },
    "done": true
  },
  "enigmaticlegacy:book/accessories/monster_charm": {
    "criteria": {
      "has_the_recipe": "2024-10-30 03:46:06 +0000"
    },
    "done": true
  },
  "enigmaticlegacy:book/accessories/desolation_ring": {
    "criteria": {
      "has_the_recipe": "2024-10-30 03:46:06 +0000"
    },
    "done": true
  },
  "cataclysm:root": {
    "criteria": {
      "custom_test_name": "2024-10-30 03:46:06 +0000"
    },
    "done": true
  },
  "comforts:sleeping_bag_yellow": {
    "criteria": {
      "has_the_recipe": "2024-10-30 03:46:06 +0000"
    },
    "done": true
  },
  "enigmaticlegacy:book/accessories/berserk_charm": {
    "criteria": {
      "has_the_recipe": "2024-10-30 03:46:06 +0000"
    },
    "done": true
  },
  "enigmaticlegacy:book/materials/twisted_heart": {
    "criteria": {
      "has_the_recipe": "2024-10-30 03:46:06 +0000"
    },
    "done": true
  },
  "cold_sweat:recipes/thermometer": {
    "criteria": {
      "has_recipe": "2024-10-30 03:46:06 +0000"
    },
    "done": true
  },
  "enigmaticlegacy:book/accessories/insignia": {
    "criteria": {
      "has_the_recipe": "2024-10-30 03:46:06 +0000"
    },
    "done": true
  },
  "cold_sweat:extreme_temps": {
    "criteria": {
      "requirement": "2024-10-30 03:46:21 +0000"
    },
    "done": true
  },
  "enigmaticlegacy:book/materials/ender_rod": {
    "criteria": {
      "has_the_recipe": "2024-10-30 03:46:06 +0000"
    },
    "done": true
  },
  "enigmaticlegacy:book/accessories/cursed_scroll": {
    "criteria": {
      "has_the_recipe": "2024-10-30 03:46:06 +0000"
    },
    "done": true
  },
  "enigmaticaddons:book/misc/sanguinary_handbook": {
    "criteria": {
      "has_the_recipe": "2024-10-30 03:46:06 +0000"
    },
    "done": true
  },
  "enigmaticlegacy:book/misc/curse_transposer": {
    "criteria": {
      "has_the_recipe": "2024-10-30 03:46:06 +0000"
    },
    "done": true
  },
  "enigmaticlegacy:book/tools/astral_breaker": {
    "criteria": {
      "has_the_recipe": "2024-10-30 03:46:06 +0000"
    },
    "done": true
  },
  "comforts:hammock_orange": {
    "criteria": {
      "has_the_recipe": "2024-10-30 03:46:06 +0000"
    },
    "done": true
  },
  "enigmaticlegacy:book/misc/cursed_stone": {
    "criteria": {
      "has_the_recipe": "2024-10-30 03:46:06 +0000"
    },
    "done": true
  },
  "integrated_villages:integrated_villages_root": {
    "criteria": {
      "always": "2024-10-30 03:46:06 +0000"
    },
    "done": true
  },
  "DataVersion": 3465
}