{
  "comforts:sleeping_bag_light_blue": {
    "criteria": {
      "has_the_recipe": "2024-10-30 03:46:06 +0000"
    },
    "done": true
  },
  "enigmaticlegacy:book/misc/cosmic_cake": {
    "criteria": {
      "has_the_recipe": "2024-10-30 03:46:06 +0000"
    },
    "done": true
  },
  "enigmaticlegacy:book/accessories/enigmatic_elytra": {
    "criteria": {
      "has_the_recipe": "2024-10-30 03:46:06 +0000"
    },
    "done": true
  },
  "enigmaticlegacy:book/misc/mega_sponge": {
    "criteria": {
      "has_the_recipe": "2024-10-30 03:46:06 +0000"
    },
    "done": true
  },
  "enigmaticlegacy:book/misc/hunter_guidebook": {
    "criteria": {
      "has_the_recipe": "2024-10-30 03:46:06 +0000"
    },
    "done": true
  },
  "comforts:hammock_purple": {
    "criteria": {
      "has_the_recipe": "2024-10-30 03:46:06 +0000"
    },
    "done": true
  },
  "comforts:sleeping_bag_pink": {
    "criteria": {
      "has_the_recipe": "2024-10-30 03:46:06 +0000"
    },
    "done": true
  },
  "comforts:hammock_magenta": {
    "criteria": {
      "has_the_recipe": "2024-10-30 03:46:06 +0000"
    },
    "done": true
  },
  "cold_sweat:recipes/goat_armor": {
    "criteria": {
      "has_chest_recipe": "2024-10-30 03:46:06 +0000"
    },
    "done": true
  },
  "idas:idas_root": {
    "criteria": {
      "always": "2024-10-30 03:46:06 +0000"
    },
    "done": true
  },
  "takesapillage:root": {
    "criteria": {
      "always": "2024-10-30 03:46:06 +0000"
    },
    "done": true
  },
  "enigmaticlegacy:book/accessories/escape_scroll": {
    "criteria": {
      "has_the_recipe": "2024-10-30 03:46:06 +0000"
    },
    "done": true
  },
  "enigmaticlegacy:book/accessories/iron_ring": {
    "criteria": {
      "has_the_recipe": "2024-10-30 03:46:06 +0000"
    },
    "done": true
  },
  "morevillagers:root": {
    "criteria": {
      "always": "2024-10-30 03:46:06 +0000"
    },
    "done": true
  },
  "enigmaticlegacy:book/materials/cosmic_heart": {
    "criteria": {
      "has_the_recipe": "2024-10-30 03:46:06 +0000"
    },
    "done": true
  },
  "comforts:hammock_red": {
    "criteria": {
      "has_the_recipe": "2024-10-30 03:46:06 +0000"
    },
    "done": true
  },
  "enigmaticlegacy:book/misc/enchantment_transposer": {
    "criteria": {
      "has_the_recipe": "2024-10-30 03:46:06 +0000"
    },
    "done": true
  },
  "enigmaticaddons:book/accessories/earth_promise": {
    "criteria": {
      "has_the_recipe": "2024-10-30 03:46:06 +0000"
    },
    "done": true
  },
  "enigmaticaddons:book/misc/ichoroot": {
    "criteria": {
      "has_the_recipe": "2024-10-30 03:46:06 +0000"
    },
    "done": true
  },
  "comforts:sleeping_bag_white": {
    "criteria": {
      "has_the_recipe": "2024-10-30 03:46:06 +0000"
    },
    "done": true
  },
  "cold_sweat:recipes/hoglin_armor": {
    "criteria": {
      "has_helm_recipe": "2024-10-30 03:46:06 +0000"
    },
    "done": true
  },
  "comforts:sleeping_bag_gray": {
    "criteria": {
      "has_the_recipe": "2024-10-30 03:46:06 +0000"
    },
    "done": true
  },
  "enigmaticlegacy:book/tools/ender_slayer": {
    "criteria": {
      "has_the_recipe": "2024-10-30 03:46:06 +0000"
    },
    "done": true
  },
  "comforts:rope_and_nail": {
    "criteria": {
      "has_the_recipe": "2024-10-30 03:46:06 +0000"
    },
    "done": true
  },
  "enigmaticaddons:book/accessories/thunder_scroll": {
    "criteria": {
      "has_the_recipe": "2024-10-30 03:46:06 +0000"
    },
    "done": true
  },
  "enigmaticaddons:book/misc/false_justice": {
    "criteria": {
      "has_the_recipe": "2024-10-30 03:46:06 +0000"
    },
    "done": true
  },
  "enigmaticlegacy:book/accessories/ender_ring": {
    "criteria": {
      "has_the_recipe": "2024-10-30 03:46:06 +0000"
    },
    "done": true
  },
  "enigmaticlegacy:book/misc/infinimeal": {
    "criteria": {
      "has_the_recipe": "2024-10-30 03:46:06 +0000"
    },
    "done": true
  },
  "comforts:sleeping_bag_cyan": {
    "criteria": {
      "has_the_recipe": "2024-10-30 03:46:06 +0000"
    },
    "done": true
  },
  "enigmaticlegacy:book/misc/animal_guidebook": {
    "criteria": {
      "has_the_recipe": "2024-10-30 03:46:06 +0000"
    },
    "done": true
  },
  "enigmaticaddons:book/accessories/quartz_ring": {
    "criteria": {
      "has_the_recipe": "2024-10-30 03:46:06 +0000"
    },
    "done": true
  },
  "enigmaticlegacy:book/misc/extradimensional_eye": {
    "criteria": {
      "has_the_recipe": "2024-10-30 03:46:06 +0000"
    },
    "done": true
  },
  "enigmaticlegacy:book/accessories/heaven_scroll": {
    "criteria": {
      "has_the_recipe": "2024-10-30 03:46:06 +0000"
    },
    "done": true
  },
  "enigmaticaddons:book/misc/bless_amplifier": {
    "criteria": {
      "has_the_recipe": "2024-10-30 03:46:06 +0000"
    },
    "done": true
  },
  "enigmaticlegacy:book/misc/end_anchor": {
    "criteria": {
      "has_the_recipe": "2024-10-30 03:46:06 +0000"
    },
    "done": true
  },
  "comforts:sleeping_bag_light_gray": {
    "criteria": {
      "has_the_recipe": "2024-10-30 03:46:06 +0000"
    },
    "done": true
  },
  "comforts:hammock_black": {
    "criteria": {
      "has_the_recipe": "2024-10-30 03:46:06 +0000"
    },
    "done": true
  },
  "enigmaticlegacy:book/misc/astral_potato": {
    "criteria": {
      "has_the_recipe": "2024-10-30 03:46:06 +0000"
    },
    "done": true
  },
  "cold_sweat:recipes/soulspring_lamp": {
    "criteria": {
      "has_recipe": "2024-10-30 03:46:06 +0000"
    },
    "done": true
  },
  "enigmaticaddons:book/materials/pure_heart": {
    "criteria": {
      "has_the_recipe": "2024-10-30 03:46:06 +0000"
    },
    "done": true
  },
  "enigmaticlegacy:book/accessories/magnet_ring": {
    "criteria": {
      "has_the_recipe": "2024-10-30 03:46:06 +0000"
    },
    "done": true
  },
  "enigmaticlegacy:book/misc/soul_compass": {
    "criteria": {
      "has_the_recipe": "2024-10-30 03:46:06 +0000"
    },
    "done": true
  },
  "enigmaticlegacy:book/misc/lore_inscriber": {
    "criteria": {
      "has_the_recipe": "2024-10-30 03:46:06 +0000"
    },
    "done": true
  },
  "friendsandfoes:misc/yellow_dye_from_buttercup": {
    "criteria": {
      "has_the_recipe": "2024-10-30 03:46:06 +0000"
    },
    "done": true
  },
  "yungscavebiomes:root": {
    "criteria": {
      "always": "2024-10-30 03:46:06 +0000"
    },
    "done": true
  },
  "naturescompass:natures_compass_log": {
    "criteria": {
      "has_recipe": "2024-10-30 03:46:06 +0000"
    },
    "done": true
  },
  "comforts:hammock_gray": {
    "criteria": {
      "has_the_recipe": "2024-10-30 03:46:06 +0000"
    },
    "done": true
  },
  "cold_sweat:root": {
    "criteria": {
      "requirement": "2024-10-30 03:46:06 +0000"
    },
    "done": true
  },
  "comforts:hammock_cyan": {
    "criteria": {
      "has_the_recipe": "2024-10-30 03:46:06 +0000"
    },
    "done": true
  },
  "comforts:sleeping_bag_purple": {
    "criteria": {
      "has_the_recipe": "2024-10-30 03:46:06 +0000"
    },
    "done": true
  },
  "comforts:sleeping_bag_green": {
    "criteria": {
      "has_the_recipe": "2024-10-30 03:46:06 +0000"
    },
    "done": true
  },
  "comforts:hammock_light_blue": {
    "criteria": {
      "has_the_recipe": "2024-10-30 03:46:06 +0000"
    },
    "done": true
  },
  "enigmaticlegacy:book/accessories/xp_scroll": {
    "criteria": {
      "has_the_recipe": "2024-10-30 03:46:06 +0000"
    },
    "done": true
  },
  "enigmaticlegacy:book/decorations/lamp": {
    "criteria": {
      "has_the_recipe": "2024-10-30 03:46:06 +0000"
    },
    "done": true
  },
  "enigmaticlegacy:book/tools/infernal_shield": {
    "criteria": {
      "has_the_recipe": "2024-10-30 03:46:06 +0000"
    },
    "done": true
  },
  "comforts:sleeping_bag_magenta": {
    "criteria": {
      "has_the_recipe": "2024-10-30 03:46:06 +0000"
    },
    "done": true
  },
  "comforts:hammock_green": {
    "criteria": {
      "has_the_recipe": "2024-10-30 03:46:06 +0000"
    },
    "done": true
  },
  "repurposed_structures:root": {
    "criteria": {
      "always": "2024-10-30 03:46:06 +0000"
    },
    "done": true
  },
  "naturescompass:natures_compass": {
    "criteria": {
      "has_recipe": "2024-10-30 03:46:06 +0000"
    },
    "done": true
  },
  "enigmaticlegacy:book/tools/etherium_axe": {
    "criteria": {
      "has_the_recipe": "2024-10-30 03:46:06 +0000"
    },
    "done": true
  },
  "comforts:sleeping_bag_black": {
    "criteria": {
      "has_the_recipe": "2024-10-30 03:46:06 +0000"
    },
    "done": true
  },
  "enigmaticlegacy:book/accessories/fabulous_scroll": {
    "criteria": {
      "has_the_recipe": "2024-10-30 03:46:06 +0000"
    },
    "done": true
  },
  "enigmaticaddons:book/accessories/adventure_charm": {
    "criteria": {
      "has_the_recipe": "2024-10-30 03:46:06 +0000"
    },
    "done": true
  },
  "enigmaticlegacy:book/misc/twisted_mirror": {
    "criteria": {
      "has_the_recipe": "2024-10-30 03:46:06 +0000"
    },
    "done": true
  },
  "enigmaticlegacy:book/misc/mending_mixture": {
    "criteria": {
      "has_the_recipe": "2024-10-30 03:46:06 +0000"
    },
    "done": true
  },
  "enigmaticlegacy:book/decorations/shroomlamp": {
    "criteria": {
      "has_the_recipe": "2024-10-30 03:46:06 +0000"
    },
    "done": true
  },
  "comforts:hammock_lime": {
    "criteria": {
      "has_the_recipe": "2024-10-30 03:46:06 +0000"
    },
    "done": true
  },
  "naturescompass:natures_compass_sapling": {
    "criteria": {
      "has_recipe": "2024-10-30 03:46:06 +0000"
    },
    "done": true
  },
  "enigmaticlegacy:book/accessories/enchanter_pearl": {
    "criteria": {
      "has_the_recipe": "2024-10-30 03:46:06 +0000"
    },
    "done": true
  },
  "enigmaticlegacy:book/accessories/golden_ring": {
    "criteria": {
      "has_the_recipe": "2024-10-30 03:46:06 +0000"
    },
    "done": true
  },
  "comforts:sleeping_bag_red": {
    "criteria": {
      "has_the_recipe": "2024-10-30 03:46:06 +0000"
    },
    "done": true
  },
  "comforts:sleeping_bag_orange": {
    "criteria": {
      "has_the_recipe": "2024-10-30 03:46:06 +0000"
    },
    "done": true
  },
  "enigmaticlegacy:book/tools/etherium_sword": {
    "criteria": {
      "has_the_recipe": "2024-10-30 03:46:06 +0000"
    },
    "done": true
  },
  "enigmaticlegacy:book/armor/etherium_armor": {
    "criteria": {
      "has_the_recipe1": "2024-10-30 03:46:06 +0000"
    },
    "done": true
  },
  "enigmaticlegacy:book/tools/forbidden_axe": {
    "criteria": {
      "has_the_recipe": "2024-10-30 03:46:06 +0000"
    },
    "done": true
  },
  "comforts:hammock_blue": {
    "criteria": {
      "has_the_recipe": "2024-10-30 03:46:06 +0000"
    },
    "done": true
  },
  "enigmaticaddons:book/accessories/night_scroll": {
    "criteria": {
      "has_the_recipe": "2024-10-30 03:46:06 +0000"
    },
    "done": true
  },
  "comforts:hammock_white": {
    "criteria": {
      "has_the_recipe": "2024-10-30 03:46:06 +0000"
    },
    "done": true
  },
  "cold_sweat:recipes/thermolith": {
    "criteria": {
      "has_recipe": "2024-10-30 03:46:06 +0000"
    },
    "done": true
  },
  "enigmaticlegacy:book/tools/the_twist": {
    "criteria": {
      "has_the_recipe": "2024-10-30 03:46:06 +0000"
    },
    "done": true
  },
  "mowziesmobs:root": {
    "criteria": {
      "custom_test_name": "2024-10-30 03:46:06 +0000"
    },
    "done": true
  },
  "enigmaticlegacy:book/tools/etherium_scythe": {
    "criteria": {
      "has_the_recipe": "2024-10-30 03:46:06 +0000"
    },
    "done": true
  },
  "comforts:hammock_light_gray": {
    "criteria": {
      "has_the_recipe": "2024-10-30 03:46:06 +0000"
    },
    "done": true
  },
  "enigmaticlegacy:book/accessories/mining_charm": {
    "criteria": {
      "has_the_recipe": "2024-10-30 03:46:06 +0000"
    },
    "done": true
  },
  "comforts:sleeping_bag_brown": {
    "criteria": {
      "has_the_recipe": "2024-10-30 03:46:06 +0000"
    },
    "done": true
  },
  "betterdungeons:root": {
    "criteria": {
      "always": "2024-10-30 03:46:06 +0000"
    },
    "done": true
  },
  "enigmaticlegacy:book/decorations/redstone_lantern": {
    "criteria": {
      "has_the_recipe": "2024-10-30 03:46:06 +0000"
    },
    "done": true
  },
  "comforts:hammock_pink": {
    "criteria": {
      "has_the_recipe": "2024-10-30 03:46:06 +0000"
    },
    "done": true
  },
  "enigmaticaddons:book/misc/ode_to_living": {
    "criteria": {
      "has_the_recipe": "2024-10-30 03:46:06 +0000"
    },
    "done": true
  },
  "comforts:hammock_brown": {
    "criteria": {
      "has_the_recipe": "2024-10-30 03:46:06 +0000"
    },
    "done": true
  },
  "enigmaticaddons:book/tools/dragon_bow": {
    "criteria": {
      "has_the_recipe": "2024-10-30 03:46:06 +0000"
    },
    "done": true
  },
  "enigmaticlegacy:book/tools/the_infinitum": {
    "criteria": {
      "has_the_recipe": "2024-10-30 03:46:06 +0000"
    },
    "done": true
  },
  "enigmaticaddons:book/misc/bless_stone": {
    "criteria": {
      "has_the_recipe": "2024-10-30 03:46:06 +0000"
    },
    "done": true
  },
  "comforts:sleeping_bag_lime": {
    "criteria": {
      "has_the_recipe": "2024-10-30 03:46:06 +0000"
    },
    "done": true
  },
  "enigmaticlegacy:book/tools/eldritch_pan": {
    "criteria": {
      "has_the_recipe": "2024-10-30 03:46:06 +0000"
    },
    "done": true
  },
  "enigmaticlegacy:book/accessories/super_magnet_ring": {
    "criteria": {
      "has_the_recipe": "2024-10-30 03:46:06 +0000"
    },
    "done": true
  },
  "comforts:hammock_yellow": {
    "criteria": {
      "has_the_recipe": "2024-10-30 03:46:06 +0000"
    },
    "done": true
  },
  "eeeabsmobs:eeeabsmobs/root": {
    "criteria": {
      "requirement": "2024-10-30 03:46:06 +0000"
    },
    "done": true
  },
  "enigmaticlegacy:book/accessories/arcane_scrolls": {
    "criteria": {
      "has_the_recipe": "2024-10-30 03:46:06 +0000"
    },
    "done": true
  },
  "cold_sweat:recipes/waterskin": {
    "criteria": {
      "has_recipe": "2024-10-30 03:46:06 +0000"
    },
    "done": true
  },
  "enigmaticlegacy:book/accessories/avarice_scroll": {
    "criteria": {
      "has_the_recipe": "2024-10-30 03:46:06 +0000"
    },
    "done": true
  },
  "enigmaticlegacy:book/tools/etherium_shovel": {
    "criteria": {
      "has_the_recipe": "2024-10-30 03:46:06 +0000"
    },
    "done": true
  },
  "comforts:sleeping_bag_blue": {
    "criteria": {
      "has_the_recipe": "2024-10-30 03:46:06 +0000"
    },
    "done": true
  },
  "betterdeserttemples:root": {
    "criteria": {
      "always": "2024-10-30 03:46:06 +0000"
    },
    "done": true
  },
  "enigmaticlegacy:book/tools/etherium_pickaxe": {
    "criteria": {
      "has_the_recipe": "2024-10-30 03:46:06 +0000"
    },
    "done": true
  },
  "enigmaticaddons:book/accessories/cursed_xp_scroll": {
    "criteria": {
      "has_the_recipe": "2024-10-30 03:46:06 +0000"
    },
    "done": true
  },
  "enigmaticlegacy:book/accessories/monster_charm": {
    "criteria": {
      "has_the_recipe": "2024-10-30 03:46:06 +0000"
    },
    "done": true
  },
  "enigmaticlegacy:book/accessories/desolation_ring": {
    "criteria": {
      "has_the_recipe": "2024-10-30 03:46:06 +0000"
    },
    "done": true
  },
  "cataclysm:root": {
    "criteria": {
      "custom_test_name": "2024-10-30 03:46:06 +0000"
    },
    "done": true
  },
  "comforts:sleeping_bag_yellow": {
    "criteria": {
      "has_the_recipe": "2024-10-30 03:46:06 +0000"
    },
    "done": true
  },
  "enigmaticlegacy:book/accessories/berserk_charm": {
    "criteria": {
      "has_the_recipe": "2024-10-30 03:46:06 +0000"
    },
    "done": true
  },
  "enigmaticlegacy:book/materials/twisted_heart": {
    "criteria": {
      "has_the_recipe": "2024-10-30 03:46:06 +0000"
    },
    "done": true
  },
  "cold_sweat:recipes/thermometer": {
    "criteria": {
      "has_recipe": "2024-10-30 03:46:06 +0000"
    },
    "done": true
  },
  "enigmaticlegacy:book/accessories/insignia": {
    "criteria": {
      "has_the_recipe": "2024-10-30 03:46:06 +0000"
    },
    "done": true
  },
  "enigmaticlegacy:book/materials/ender_rod": {
    "criteria": {
      "has_the_recipe": "2024-10-30 03:46:06 +0000"
    },
    "done": true
  },
  "enigmaticlegacy:book/accessories/cursed_scroll": {
    "criteria": {
      "has_the_recipe": "2024-10-30 03:46:06 +0000"
    },
    "done": true
  },
  "enigmaticaddons:book/misc/sanguinary_handbook": {
    "criteria": {
      "has_the_recipe": "2024-10-30 03:46:06 +0000"
    },
    "done": true
  },
  "enigmaticlegacy:book/misc/curse_transposer": {
    "criteria": {
      "has_the_recipe": "2024-10-30 03:46:06 +0000"
    },
    "done": true
  },
  "enigmaticlegacy:book/tools/astral_breaker": {
    "criteria": {
      "has_the_recipe": "2024-10-30 03:46:06 +0000"
    },
    "done": true
  },
  "comforts:hammock_orange": {
    "criteria": {
      "has_the_recipe": "2024-10-30 03:46:06 +0000"
    },
    "done": true
  },
  "enigmaticlegacy:book/misc/cursed_stone": {
    "criteria": {
      "has_the_recipe": "2024-10-30 03:46:06 +0000"
    },
    "done": true
  },
  "integrated_villages:integrated_villages_root": {
    "criteria": {
      "always": "2024-10-30 03:46:06 +0000"
    },
    "done": true
  },
  "betterend:root": {
    "criteria": {
      "welcome": "2024-10-30 03:46:21 +0000"
    },
    "done": true
  },
  "biomesoplenty:biomesoplenty/root": {
    "criteria": {
      "spider_nest": "2024-10-30 03:46:21 +0000"
    },
    "done": true
  },
  "biomesoplenty:biomesoplenty/all_biomes": {
    "criteria": {
      "muskeg": "2024-10-31 04:02:12 +0000",
      "shrubland": "2024-10-30 04:47:14 +0000",
      "snowblossom_grove": "2024-10-31 04:02:08 +0000",
      "rocky_shrubland": "2024-10-30 04:47:33 +0000",
      "fungal_jungle": "2024-10-30 04:06:15 +0000",
      "floodplain": "2024-10-30 03:48:37 +0000",
      "highland": "2024-10-31 04:19:55 +0000",
      "jacaranda_glade": "2024-10-31 04:20:08 +0000",
      "old_growth_woodland": "2024-10-30 04:19:19 +0000",
      "maple_woods": "2024-10-31 04:10:45 +0000",
      "field": "2024-10-30 04:57:40 +0000",
      "orchard": "2024-10-30 04:19:43 +0000",
      "coniferous_forest": "2024-10-30 04:58:09 +0000",
      "spider_nest": "2024-10-30 03:46:21 +0000",
      "redwood_forest": "2024-10-31 04:19:54 +0000",
      "seasonal_forest": "2024-10-31 04:01:52 +0000",
      "auroral_garden": "2024-10-31 04:02:55 +0000",
      "dead_forest": "2024-10-31 04:09:28 +0000",
      "volcano": "2024-10-30 04:07:09 +0000",
      "rocky_rainforest": "2024-10-30 04:05:28 +0000",
      "volcanic_plains": "2024-10-30 04:06:59 +0000",
      "pumpkin_patch": "2024-10-31 04:01:33 +0000",
      "snowy_coniferous_forest": "2024-10-31 04:02:43 +0000",
      "tundra": "2024-10-31 04:07:03 +0000",
      "rainforest": "2024-10-30 03:48:34 +0000",
      "snowy_maple_woods": "2024-10-31 04:09:13 +0000"
    },
    "done": false
  },
  "cold_sweat:extreme_temps": {
    "criteria": {
      "requirement": "2024-10-30 03:46:21 +0000"
    },
    "done": true
  },
  "toms_storage:unlock_glowstone": {
    "criteria": {
      "inv_changed-glowstone": "2024-10-30 03:47:20 +0000"
    },
    "done": true
  },
  "create_connected:root": {
    "criteria": {
      "0": "2024-10-30 03:47:20 +0000"
    },
    "done": true
  },
  "minecraft:story/mine_stone": {
    "criteria": {
      "get_stone": "2024-10-30 03:47:20 +0000"
    },
    "done": true
  },
  "farmersdelight:main/root": {
    "criteria": {
      "seeds": "2024-10-30 03:47:20 +0000"
    },
    "done": true
  },
  "create:root": {
    "criteria": {
      "0": "2024-10-30 03:47:20 +0000"
    },
    "done": true
  },
  "scguns:main/root": {
    "criteria": {
      "gun": "2024-10-30 03:47:20 +0000"
    },
    "done": true
  },
  "toms_storage:unlock_dia_pearl": {
    "criteria": {
      "inv_changed-ender_pearl": "2024-10-30 03:47:20 +0000",
      "inv_changed-diamond": "2024-10-30 03:47:20 +0000"
    },
    "done": true
  },
  "toms_storage:unlock_netherite": {
    "criteria": {
      "inv_changed-netherite": "2024-10-30 03:47:20 +0000"
    },
    "done": true
  },
  "toms_storage:unlock_chest": {
    "criteria": {
      "inv_changed-chest": "2024-10-30 03:47:20 +0000"
    },
    "done": true
  },
  "minecraft:story/obtain_armor": {
    "criteria": {
      "iron_chestplate": "2024-10-30 03:47:24 +0000"
    },
    "done": true
  },
  "minecraft:story/shiny_gear": {
    "criteria": {
      "diamond_boots": "2024-10-30 03:47:24 +0000"
    },
    "done": true
  },
  "minecraft:adventure/root": {
    "criteria": {
      "killed_something": "2024-10-30 03:47:26 +0000"
    },
    "done": true
  },
  "minecraft:adventure/kill_all_mobs": {
    "criteria": {
      "minecraft:pillager": "2024-10-30 04:17:10 +0000",
      "minecraft:skeleton": "2024-10-30 03:59:02 +0000",
      "minecraft:ravager": "2024-10-30 04:26:01 +0000",
      "minecraft:vindicator": "2024-10-30 04:21:54 +0000",
      "minecraft:spider": "2024-10-30 04:00:47 +0000",
      "minecraft:creeper": "2024-10-30 04:27:45 +0000",
      "minecraft:witch": "2024-10-30 04:26:44 +0000",
      "minecraft:cave_spider": "2024-10-30 03:59:11 +0000",
      "minecraft:silverfish": "2024-10-30 03:56:41 +0000",
      "minecraft:enderman": "2024-10-31 04:08:33 +0000",
      "minecraft:zombie": "2024-10-30 03:47:26 +0000",
      "minecraft:zombie_villager": "2024-10-30 04:03:21 +0000"
    },
    "done": false
  },
  "minecraft:adventure/kill_a_mob": {
    "criteria": {
      "minecraft:zombie": "2024-10-30 03:47:26 +0000"
    },
    "done": true
  },
  "create:andesite_alloy": {
    "criteria": {
      "0": "2024-10-30 03:47:37 +0000"
    },
    "done": true
  },
  "tetra:recipes/planks": {
    "criteria": {
      "got_wood": "2024-10-30 03:47:37 +0000"
    },
    "done": true
  },
  "scguns:main/cowboy/saketini": {
    "criteria": {
      "saketini": "2024-10-30 03:47:37 +0000"
    },
    "done": true
  },
  "immersive_aircraft:misc/aircraftery": {
    "criteria": {
      "has_item": "2024-10-30 03:47:37 +0000"
    },
    "done": true
  },
  "minecraft:story/smelt_iron": {
    "criteria": {
      "iron": "2024-10-30 03:47:37 +0000"
    },
    "done": true
  },
  "scguns:main/gunpowder": {
    "criteria": {
      "gunpowder": "2024-10-30 03:47:37 +0000"
    },
    "done": true
  },
  "minecraft:story/mine_diamond": {
    "criteria": {
      "diamond": "2024-10-30 03:47:37 +0000"
    },
    "done": true
  },
  "thinair:protection_from_yellow": {
    "criteria": {
      "protecc": "2024-10-30 03:48:49 +0000"
    },
    "done": true
  },
  "thinair:root": {
    "criteria": {
      "bad_air": "2024-10-30 03:48:49 +0000"
    },
    "done": true
  },
  "tetra:recipes/string": {
    "criteria": {
      "got_string": "2024-10-30 03:48:57 +0000"
    },
    "done": true
  },
  "create_enchantment_industry:experienced_engineer": {
    "criteria": {
      "have_experience_nugget": "2024-10-30 03:50:22 +0000"
    },
    "done": true
  },
  "create_enchantment_industry:recipes/experience_rotor": {
    "criteria": {
      "has_item": "2024-10-30 03:50:22 +0000"
    },
    "done": true
  },
  "supplementaries:husbandry/soap": {
    "criteria": {
      "stew": "2024-10-30 03:50:28 +0000"
    },
    "done": true
  },
  "minecraft:husbandry/root": {
    "criteria": {
      "consumed_item": "2024-10-30 03:50:28 +0000"
    },
    "done": true
  },
  "minecraft:husbandry/balanced_diet": {
    "criteria": {
      "cooked_porkchop": "2024-10-30 04:56:36 +0000",
      "cooked_mutton": "2024-10-31 04:11:55 +0000",
      "baked_potato": "2024-10-31 04:19:31 +0000",
      "apple": "2024-10-30 04:37:02 +0000",
      "bread": "2024-10-30 04:01:39 +0000",
      "melon_slice": "2024-10-30 03:50:31 +0000"
    },
    "done": false
  },
  "minecraft:adventure/sleep_in_bed": {
    "criteria": {
      "slept_in_bed": "2024-10-30 03:51:19 +0000"
    },
    "done": true
  },
  "enigmaticaddons:book/relics/lost_engine": {
    "criteria": {
      "has_items": "2024-10-30 03:52:27 +0000"
    },
    "done": true
  },
  "enigmaticlegacy:main/discover_spellstone": {
    "criteria": {
      "spellstone": "2024-10-30 03:52:27 +0000"
    },
    "done": true
  },
  "enigmaticlegacy:book/relics/enigmatic_amulet": {
    "criteria": {
      "has_items": "2024-10-30 03:53:08 +0000"
    },
    "done": true
  },
  "aether:obsidian_armor": {
    "criteria": {
      "obsidian_gloves": "2024-10-30 03:53:08 +0000"
    },
    "done": false
  },
  "enigmaticlegacy:main/root": {
    "criteria": {
      "flower": "2024-10-30 03:53:08 +0000"
    },
    "done": true
  },
  "enigmaticlegacy:book/relics/ascension_amulet": {
    "criteria": {
      "has_recipe_result": "2024-10-30 03:53:08 +0000"
    },
    "done": true
  },
  "enigmaticlegacy:book/relics/eldritch_amulet": {
    "criteria": {
      "has_item_2": "2024-10-30 03:53:08 +0000"
    },
    "done": false
  },
  "enigmaticaddons:book/relics/antique_bag": {
    "criteria": {
      "has_items": "2024-10-30 03:54:05 +0000"
    },
    "done": true
  },
  "endrem:main/rogue_eye": {
    "criteria": {
      "rogue_eye": "2024-10-30 03:56:25 +0000"
    },
    "done": true
  },
  "endrem:main/root": {
    "criteria": {
      "rogue_eye": "2024-10-30 03:56:25 +0000"
    },
    "done": true
  },
  "thinair:protection_from_red": {
    "criteria": {
      "protecc": "2024-10-30 03:58:25 +0000"
    },
    "done": true
  },
  "morevillagers:all_workstations_get": {
    "criteria": {
      "barrel": "2024-10-30 04:02:18 +0000",
      "smoker": "2024-10-30 04:45:58 +0000",
      "loom": "2024-10-30 04:35:33 +0000"
    },
    "done": false
  },
  "morevillagers:first_workstation_get": {
    "criteria": {
      "barrel": "2024-10-30 04:02:18 +0000"
    },
    "done": true
  },
  "repurposed_structures:villages": {
    "criteria": {
      "in_village_mushroom": "2024-10-30 04:07:21 +0000"
    },
    "done": false
  },
  "scguns:main/ocean/marlin": {
    "criteria": {
      "marlin": "2024-10-30 04:08:56 +0000"
    },
    "done": true
  },
  "scguns:main/end/dark_matter": {
    "criteria": {
      "dark_matter": "2024-10-30 04:09:42 +0000"
    },
    "done": true
  },
  "scguns:main/scorched/earths_corpse": {
    "criteria": {
      "earths_corpse": "2024-10-30 04:10:07 +0000"
    },
    "done": true
  },
  "scguns:main/scorched/astella": {
    "criteria": {
      "astella": "2024-10-30 04:10:13 +0000"
    },
    "done": true
  },
  "morevillagers:kill_villager": {
    "criteria": {
      "killedvillager": "2024-10-30 04:10:18 +0000"
    },
    "done": true
  },
  "scguns:main/blackpowder/laser_musket": {
    "criteria": {
      "laser_musket": "2024-10-30 04:13:37 +0000"
    },
    "done": true
  },
  "scguns:main/scorched/newborn_cyst": {
    "criteria": {
      "newborn_cyst": "2024-10-30 04:13:46 +0000"
    },
    "done": true
  },
  "scguns:main/scorched/locust": {
    "criteria": {
      "locust": "2024-10-30 04:13:48 +0000"
    },
    "done": true
  },
  "scguns:main/scorched/rat_king_and_queen": {
    "criteria": {
      "rat_king_and_queen": "2024-10-30 04:13:49 +0000"
    },
    "done": true
  },
  "scguns:main/treated_brass/thunderhead": {
    "criteria": {
      "thunderhead": "2024-10-30 04:14:07 +0000"
    },
    "done": true
  },
  "scguns:main/treated_brass/gattaler": {
    "criteria": {
      "gattaler": "2024-10-30 04:14:09 +0000"
    },
    "done": true
  },
  "scguns:main/treated_brass/dozier_rl": {
    "criteria": {
      "dozier_rl": "2024-10-30 04:14:10 +0000"
    },
    "done": true
  },
  "scguns:main/piglin/blasphemy": {
    "criteria": {
      "blasphemy": "2024-10-30 04:14:11 +0000"
    },
    "done": true
  },
  "scguns:main/piglin/pyroclastic_flow": {
    "criteria": {
      "pyroclastic_flow": "2024-10-30 04:14:14 +0000"
    },
    "done": true
  },
  "scguns:main/deep_dark/sculk_resonator": {
    "criteria": {
      "sculk_resonator": "2024-10-30 04:14:54 +0000"
    },
    "done": true
  },
  "scguns:main/deep_dark/echoes_2": {
    "criteria": {
      "echoes_2": "2024-10-30 04:14:56 +0000"
    },
    "done": true
  },
  "scguns:main/deep_dark/whispers": {
    "criteria": {
      "whispers": "2024-10-30 04:14:58 +0000"
    },
    "done": true
  },
  "repurposed_structures:outposts": {
    "criteria": {
      "in_outpost_jungle": "2024-10-30 04:16:59 +0000"
    },
    "done": false
  },
  "minecraft:adventure/voluntary_exile": {
    "criteria": {
      "voluntary_exile": "2024-10-30 04:17:15 +0000"
    },
    "done": true
  },
  "endrem:main/corrupted_eye": {
    "criteria": {
      "corrupted_eye": "2024-10-30 04:17:26 +0000"
    },
    "done": true
  },
  "minecraft:adventure/shoot_arrow": {
    "criteria": {
      "shot_arrow": "2024-10-30 04:17:45 +0000"
    },
    "done": true
  },
  "minecraft:adventure/adventuring_time": {
    "criteria": {
      "minecraft:taiga": "2024-10-30 04:55:58 +0000",
      "minecraft:deep_ocean": "2024-10-30 04:48:18 +0000",
      "minecraft:frozen_river": "2024-10-31 04:06:37 +0000",
      "minecraft:cherry_grove": "2024-10-30 04:40:28 +0000",
      "minecraft:birch_forest": "2024-10-30 04:47:06 +0000",
      "minecraft:sparse_jungle": "2024-10-30 04:18:48 +0000",
      "minecraft:river": "2024-10-30 04:18:26 +0000",
      "minecraft:stony_shore": "2024-10-30 04:48:05 +0000",
      "minecraft:snowy_plains": "2024-10-31 04:06:42 +0000",
      "minecraft:grove": "2024-10-30 04:56:32 +0000",
      "minecraft:cold_ocean": "2024-10-30 04:48:25 +0000",
      "minecraft:forest": "2024-10-30 04:37:06 +0000",
      "minecraft:ocean": "2024-10-30 04:48:09 +0000",
      "minecraft:meadow": "2024-10-30 04:41:44 +0000",
      "minecraft:plains": "2024-10-30 04:19:17 +0000"
    },
    "done": false
  },
  "integrated_villages:tavern_village": {
    "criteria": {
      "in_tavern_village": "2024-10-30 04:19:41 +0000"
    },
    "done": true
  },
  "thinair:soul": {
    "criteria": {
      "bad_air": "2024-10-30 04:32:14 +0000"
    },
    "done": true
  },
  "aquamirae:adventure/root": {
    "criteria": {
      "crafting_table": "2024-10-30 04:42:52 +0000"
    },
    "done": true
  },
  "minecraft:story/root": {
    "criteria": {
      "crafting_table": "2024-10-30 04:42:52 +0000"
    },
    "done": true
  },
  "create:track_0": {
    "criteria": {
      "0": "2024-10-30 04:44:15 +0000"
    },
    "done": true
  },
  "integrated_villages:airship_village": {
    "criteria": {
      "in_airship_village": "2024-10-30 04:48:14 +0000"
    },
    "done": true
  },
  "morevillagers:first_trade": {
    "criteria": {
      "villagertrade": "2024-10-30 04:58:59 +0000"
    },
    "done": true
  },
  "minecraft:adventure/trade": {
    "criteria": {
      "traded": "2024-10-30 04:58:59 +0000"
    },
    "done": true
  },
  "minecraft:story/form_obsidian": {
    "criteria": {
      "obsidian": "2024-10-30 05:00:24 +0000"
    },
    "done": true
  },
  "tetra:spelunking/root": {
    "criteria": {
      "spelunking": "2024-10-31 04:24:04 +0000"
    },
    "done": true
  },
  "alexscaves:alexscaves/licowitch_tower": {
    "criteria": {
      "licowitch_tower": "2024-10-31 04:23:19 +0000"
    },
    "done": true
  },
  "alexscaves:alexscaves/discover_candy_cavity": {
    "criteria": {
      "discover": "2024-10-31 04:22:59 +0000"
    },
    "done": true
  },
  "alexscaves:alexscaves/discover_magnetic_caves": {
    "criteria": {
      "discover": "2024-10-31 04:35:15 +0000"
    },
    "done": true
  },
  "alexscaves:alexscaves/defeat_caniac": {
    "criteria": {
      "killed": "2024-10-31 04:29:19 +0000"
    },
    "done": true
  },
  "cold_sweat:huddle_close": {
    "criteria": {
      "requirement": "2024-10-31 04:23:51 +0000"
    },
    "done": true
  },
  "dungeons_enhanced:seven_world_wonders": {
    "criteria": {
      "entered_deep_crypt": "2024-10-31 04:30:18 +0000"
    },
    "done": false
  },
  "dungeons_enhanced:ambitious_explorer": {
    "criteria": {
      "entered_deep_crypt": "2024-10-31 04:30:18 +0000"
    },
    "done": false
  },
  "alexscaves:alexscaves/root": {
    "criteria": {
      "underground_cabin": "2024-10-31 04:27:47 +0000"
    },
    "done": true
  },
  "dungeons_enhanced:root": {
    "criteria": {
      "entered_deep_crypt": "2024-10-31 04:30:18 +0000"
    },
    "done": true
  },
  "alexscaves:alexscaves/cave_tablet": {
    "criteria": {
      "cave_tablet": "2024-10-31 04:28:01 +0000"
    },
    "done": true
  },
  "alexscaves:alexscaves/walk_on_rock_candy": {
    "criteria": {
      "cave_book": "2024-10-31 04:25:11 +0000"
    },
    "done": true
  },
  "alexscaves:alexscaves/gingerbread_town": {
    "criteria": {
      "gingerbread_town": "2024-10-31 04:28:32 +0000"
    },
    "done": true
  },
  "yungscavebiomes:frosted_caves": {
    "criteria": {
      "frosted_caves": "2024-10-31 04:06:21 +0000"
    },
    "done": true
  },
  "alexscaves:alexscaves/defeat_gumbeeper": {
    "criteria": {
      "killed": "2024-10-31 04:25:02 +0000"
    },
    "done": true
  },
  "DataVersion": 3465
}